"SubmissionDate","starttime","endtime","intronote","tc","upper_bound","num_draws","random_draws_count","SET.OF.random_draws","unique_draws","show_draws_count","SET.OF.show_draws","SET.OF.replace","bye","instanceID","formdef_version","KEY"
"Oct 19, 2016 7:48:51 PM","Oct 19, 2016 12:32:39 PM","Oct 19, 2016 7:22:45 PM",,101,121,121,628,"uuid:087f6cb0-dc1e-40ae-a317-32d34f86e2c3/random_draws","104 53 61 13 113 62 105 5 120 4 90 17 22 81 106 28 16 46 67 36 43 47 54 12 60 87 42 108 76 9 100 117 59 8 96 57 56 55 114 103 65 10 34 112 66 70 26 25 109 89 39 115 79 41 82 6 27 92 40 71 83 18 110 111 14 84 94 80 119 121 44 7 75 2 107 98 118 99 21 48 78 85 23 49 95 69 15 24 102 72 51 58 38 77 33 88 64 32 97 11 73 52 20 37 93 30 68 35 86 74 116 19 29 101 31 1 45 91 3 50 63",121,"uuid:087f6cb0-dc1e-40ae-a317-32d34f86e2c3/show_draws","uuid:087f6cb0-dc1e-40ae-a317-32d34f86e2c3/replace",,"uuid:087f6cb0-dc1e-40ae-a317-32d34f86e2c3",2016101819,"uuid:087f6cb0-dc1e-40ae-a317-32d34f86e2c3"
"Oct 19, 2016 9:01:24 PM","Oct 19, 2016 2:01:14 PM","Oct 19, 2016 9:00:41 PM",,80,118,118,567,"uuid:5f4f64fb-d408-4097-b317-5262ff25590d/random_draws","96 115 5 83 113 92 6 24 47 39 2 13 67 7 104 88 84 69 55 116 20 78 58 12 28 80 31 100 10 16 52 70 75 3 18 109 51 1 72 79 32 64 15 114 85 76 86 50 21 35 105 82 26 66 9 110 81 106 33 34 61 95 38 11 103 29 118 8 77 43 44 117 46 45 108 99 94 37 65 60 73 57 68 71 111 101 54 41 102 30 87 36 17 27 63 91 25 56 19 14 97 90 49 42 112 98 4 74 62 48 59 23 107 89 22 40 93 53",118,"uuid:5f4f64fb-d408-4097-b317-5262ff25590d/show_draws","uuid:5f4f64fb-d408-4097-b317-5262ff25590d/replace",,"uuid:5f4f64fb-d408-4097-b317-5262ff25590d",2016101819,"uuid:5f4f64fb-d408-4097-b317-5262ff25590d"
"Oct 19, 2016 9:42:39 PM","Oct 19, 2016 1:30:53 PM","Oct 19, 2016 9:34:39 PM",,99,160,160,842,"uuid:8d8c5471-f6e8-4fed-8a73-ffda5282a251/random_draws","69 90 3 12 64 49 80 125 133 149 54 74 147 21 53 159 154 128 111 47 70 127 57 153 39 116 79 91 81 108 40 104 34 60 65 118 23 138 84 26 88 36 4 38 85 112 35 48 2 139 1 77 8 135 87 29 157 24 151 92 33 14 101 19 99 150 137 55 56 30 155 106 124 130 41 114 134 72 141 109 158 143 152 71 15 61 32 142 52 43 86 42 94 9 18 89 27 93 67 44 129 156 50 83 10 5 76 102 117 11 20 144 140 51 131 98 148 37 63 115 103 110 46 136 58 122 7 123 25 17 145 100 73 13 31 22 28 119 96 66 75 16 126 146 59 107 68 6 82 62 160 121 105 95 45 132 113 97 120 78",160,"uuid:8d8c5471-f6e8-4fed-8a73-ffda5282a251/show_draws","uuid:8d8c5471-f6e8-4fed-8a73-ffda5282a251/replace",,"uuid:8d8c5471-f6e8-4fed-8a73-ffda5282a251",2016101819,"uuid:8d8c5471-f6e8-4fed-8a73-ffda5282a251"
"Oct 21, 2016 7:30:17 PM","Oct 21, 2016 11:59:35 AM","Oct 21, 2016 7:15:40 PM",,103,200,200,1001,"uuid:ff576c6d-14bd-4e00-9d5e-718a69a6550c/random_draws","188 10 56 37 31 2 124 175 125 197 127 35 59 40 84 157 198 13 186 176 182 164 101 200 146 53 140 123 158 18 163 86 184 108 144 133 143 119 47 4 135 126 154 57 25 36 17 111 169 100 38 43 161 42 44 48 138 106 134 117 189 139 193 8 98 194 95 92 45 109 67 76 71 26 152 63 3 160 85 5 32 58 102 49 80 153 129 78 64 14 110 50 11 90 174 87 168 74 105 12 137 145 151 24 94 187 16 155 93 62 1 22 29 181 141 83 72 33 166 196 149 173 147 156 88 150 179 28 68 172 70 89 170 75 97 183 191 116 60 103 118 159 132 61 113 165 192 69 128 199 131 39 114 55 148 195 171 54 96 178 121 34 136 104 73 41 115 82 122 51 79 107 120 81 180 91 52 130 46 190 99 21 30 7 66 162 65 167 23 27 142 15 177 9 185 77 20 112 19",200,"uuid:ff576c6d-14bd-4e00-9d5e-718a69a6550c/show_draws","uuid:ff576c6d-14bd-4e00-9d5e-718a69a6550c/replace",,"uuid:ff576c6d-14bd-4e00-9d5e-718a69a6550c",2016101819,"uuid:ff576c6d-14bd-4e00-9d5e-718a69a6550c"
"Oct 21, 2016 8:51:43 PM","Oct 20, 2016 2:56:00 PM","Oct 20, 2016 10:59:32 PM",,107,197,197,960,"uuid:c3fdf68a-5453-4d3b-bd62-d90967f8c667/random_draws","125 113 50 182 178 155 118 99 56 23 157 190 141 93 92 19 148 62 71 166 63 122 128 4 154 168 32 72 123 87 54 165 105 78 103 39 36 9 101 147 12 95 57 65 151 142 107 149 26 58 67 69 173 48 98 153 144 24 76 152 163 35 124 79 83 197 186 22 75 116 191 27 135 43 127 140 115 52 193 18 179 183 150 161 145 159 61 6 5 42 130 68 104 73 2 129 46 108 84 70 15 110 94 176 143 3 181 41 34 174 86 132 194 82 109 90 74 180 25 1 66 171 53 13 177 134 33 131 49 119 14 120 60 162 51 160 85 112 11 38 88 81 114 97 156 196 21 20 170 96 133 29 64 77 187 164 40 55 117 188 17 195 45 80 47 138 102 31 137 185 28 136 184 7 44 16 169 30 37 167 146 10 175 89 158 126 106 100 192 121 189 111 172 59 8 91 139",197,"uuid:c3fdf68a-5453-4d3b-bd62-d90967f8c667/show_draws","uuid:c3fdf68a-5453-4d3b-bd62-d90967f8c667/replace",,"uuid:c3fdf68a-5453-4d3b-bd62-d90967f8c667",2016101819,"uuid:c3fdf68a-5453-4d3b-bd62-d90967f8c667"
"Oct 21, 2016 8:51:46 PM","Oct 21, 2016 12:12:45 PM","Oct 21, 2016 7:59:14 PM",,105,119,119,764,"uuid:d55711e0-15c8-4afd-af6c-c3521e968967/random_draws","1 94 70 99 35 112 4 114 31 98 62 91 86 77 52 47 113 79 2 33 42 49 102 101 41 67 66 6 65 53 3 20 84 56 25 50 83 95 72 38 61 32 9 69 23 111 82 100 63 29 119 16 14 115 97 73 68 96 108 58 87 93 39 51 12 105 74 118 78 116 7 64 22 85 76 27 17 36 44 48 54 75 43 57 15 81 55 88 103 11 40 37 28 5 104 13 21 10 19 30 24 89 110 109 45 46 26 80 90 34 60 107 106 8 92 71 18 59 117",119,"uuid:d55711e0-15c8-4afd-af6c-c3521e968967/show_draws","uuid:d55711e0-15c8-4afd-af6c-c3521e968967/replace",,"uuid:d55711e0-15c8-4afd-af6c-c3521e968967",2016101819,"uuid:d55711e0-15c8-4afd-af6c-c3521e968967"
"Oct 21, 2016 9:53:06 PM","Oct 20, 2016 1:22:11 PM","Oct 21, 2016 12:22:14 AM",,109,94,94,437,"uuid:a482880c-ae0a-4d42-8491-fc68396bb1a2/random_draws","65 91 56 14 61 19 52 36 54 34 45 73 29 31 70 60 64 76 53 68 42 55 47 15 40 25 83 20 94 79 30 62 9 57 18 39 71 6 10 2 77 84 35 90 26 38 27 28 7 11 43 44 67 21 89 1 50 63 69 88 8 32 13 85 46 49 92 51 74 41 23 75 58 22 33 72 4 24 93 59 86 66 78 81 5 87 82 17 3 37 80 12 48 16",94,"uuid:a482880c-ae0a-4d42-8491-fc68396bb1a2/show_draws","uuid:a482880c-ae0a-4d42-8491-fc68396bb1a2/replace",,"uuid:a482880c-ae0a-4d42-8491-fc68396bb1a2",2016101819,"uuid:a482880c-ae0a-4d42-8491-fc68396bb1a2"
"Oct 21, 2016 9:53:32 PM","Oct 21, 2016 2:01:53 PM","Oct 21, 2016 7:19:55 PM",,102,114,114,456,"uuid:74fd147d-ccb5-403d-b51e-d9f613041310/random_draws","106 45 6 82 10 52 78 100 15 27 44 95 89 7 57 2 25 40 91 112 94 113 37 21 20 53 48 43 68 58 42 62 5 23 36 16 77 30 47 75 61 51 93 98 73 50 69 4 96 74 54 80 34 114 28 49 39 104 38 67 17 55 35 107 92 71 13 103 33 64 83 84 102 1 97 109 66 99 87 26 76 3 59 32 9 65 46 22 101 29 105 86 11 24 88 18 41 63 70 72 56 31 12 8 111 85 14 79 108 81 19 110 90 60",114,"uuid:74fd147d-ccb5-403d-b51e-d9f613041310/show_draws","uuid:74fd147d-ccb5-403d-b51e-d9f613041310/replace",,"uuid:74fd147d-ccb5-403d-b51e-d9f613041310",2016101819,"uuid:74fd147d-ccb5-403d-b51e-d9f613041310"
"Oct 23, 2016 12:32:47 PM","Oct 22, 2016 12:38:55 PM","Oct 22, 2016 9:05:43 PM",,108,104,104,399,"uuid:80b629bb-e98b-46ea-aed5-79c53cdc1c7f/random_draws","22 78 83 90 98 73 89 91 25 10 99 85 93 84 74 47 102 104 16 58 53 96 72 29 69 57 30 55 71 101 12 66 94 80 36 7 46 43 100 77 38 61 88 68 60 33 86 14 35 48 41 50 24 34 1 2 17 39 92 67 70 8 27 21 76 15 65 51 103 37 31 18 97 75 28 45 95 42 32 49 63 79 40 4 26 5 82 62 87 23 20 3 13 9 11 64 44 19 59 54 52 81 6 56",104,"uuid:80b629bb-e98b-46ea-aed5-79c53cdc1c7f/show_draws","uuid:80b629bb-e98b-46ea-aed5-79c53cdc1c7f/replace",,"uuid:80b629bb-e98b-46ea-aed5-79c53cdc1c7f",2016101819,"uuid:80b629bb-e98b-46ea-aed5-79c53cdc1c7f"
"Oct 23, 2016 12:35:15 PM","Oct 22, 2016 12:51:15 PM","Oct 22, 2016 10:08:57 PM",,98,126,126,622,"uuid:78cab230-08ef-4758-aa38-ab3fead49ff7/random_draws","117 5 56 8 80 100 107 77 19 110 9 83 82 37 81 48 52 57 38 3 88 44 21 50 122 126 106 18 73 108 54 70 124 42 89 90 85 31 22 64 39 101 14 27 116 28 104 93 109 103 30 74 112 62 36 45 40 65 15 94 13 121 120 51 86 98 53 68 96 75 76 63 55 79 33 114 102 72 34 115 26 97 12 113 67 91 46 99 92 118 47 35 1 2 105 71 69 84 123 41 17 66 29 25 61 20 125 32 49 6 95 16 78 23 4 24 59 119 87 7 43 11 58 111 10 60",126,"uuid:78cab230-08ef-4758-aa38-ab3fead49ff7/show_draws","uuid:78cab230-08ef-4758-aa38-ab3fead49ff7/replace",,"uuid:78cab230-08ef-4758-aa38-ab3fead49ff7",2016101819,"uuid:78cab230-08ef-4758-aa38-ab3fead49ff7"
"Oct 24, 2016 8:00:32 PM","Oct 24, 2016 12:04:53 PM","Oct 24, 2016 4:51:47 PM",,69,125,125,526,"uuid:8b94fe57-d353-42c8-a3ef-ec215f508131/random_draws","28 70 20 50 2 109 103 113 85 100 67 32 117 38 47 81 99 4 12 118 5 73 22 3 27 43 114 45 83 7 56 86 76 98 95 35 61 37 31 74 60 116 49 119 110 26 89 121 10 90 41 80 53 23 123 92 96 108 94 36 75 21 14 72 101 107 112 11 125 52 55 34 84 97 104 25 88 54 122 124 69 102 15 120 68 18 87 30 63 82 64 79 16 115 77 19 42 105 59 29 65 66 51 13 62 48 9 57 33 44 24 58 71 111 46 39 8 40 1 78 6 17 93 106 91",125,"uuid:8b94fe57-d353-42c8-a3ef-ec215f508131/show_draws","uuid:8b94fe57-d353-42c8-a3ef-ec215f508131/replace",,"uuid:8b94fe57-d353-42c8-a3ef-ec215f508131",2016101819,"uuid:8b94fe57-d353-42c8-a3ef-ec215f508131"
"Oct 24, 2016 8:08:32 PM","Oct 24, 2016 12:00:56 PM","Oct 24, 2016 8:06:46 PM",,110,190,190,813,"uuid:43c97ba6-6ef1-477b-b2dd-6c969118a7af/random_draws","57 5 107 186 35 51 183 10 96 27 177 156 17 168 147 56 44 67 31 73 23 120 121 13 38 4 45 100 162 114 52 175 42 11 128 158 179 104 117 6 112 12 84 181 66 126 178 91 138 97 55 69 26 173 36 111 9 136 148 72 190 161 131 32 29 59 135 164 170 101 30 74 16 124 122 119 86 169 28 25 76 141 159 68 80 47 176 160 102 113 188 87 185 50 70 81 20 125 108 98 152 172 140 37 155 95 149 62 130 129 7 154 24 41 19 75 63 150 151 83 157 132 146 21 137 39 145 115 22 134 61 92 33 77 53 143 167 46 78 18 14 99 182 58 48 144 142 123 79 88 166 153 43 8 171 189 180 64 106 34 93 174 71 103 184 65 90 94 116 49 89 105 139 110 1 165 133 109 54 15 2 118 85 127 40 82 187 163 60 3",190,"uuid:43c97ba6-6ef1-477b-b2dd-6c969118a7af/show_draws","uuid:43c97ba6-6ef1-477b-b2dd-6c969118a7af/replace",,"uuid:43c97ba6-6ef1-477b-b2dd-6c969118a7af",2016101819,"uuid:43c97ba6-6ef1-477b-b2dd-6c969118a7af"
"Oct 24, 2016 9:45:47 PM","Oct 24, 2016 1:32:12 PM","Oct 24, 2016 9:36:13 PM",,70,164,164,788,"uuid:e57b5b5f-40ad-4aa6-b44a-9be3fb548068/random_draws","127 84 36 54 57 96 136 60 91 87 22 12 93 41 129 119 125 75 143 94 9 33 159 20 47 92 105 106 101 120 121 45 10 81 65 48 26 78 28 88 82 161 72 83 19 8 80 70 140 151 103 59 99 61 44 113 108 35 162 95 154 98 117 14 112 17 131 86 138 73 71 148 85 150 142 42 89 53 23 6 55 56 124 13 111 139 77 157 153 43 7 67 74 49 30 110 132 163 145 90 164 123 126 155 69 2 107 63 50 79 118 104 137 38 27 102 62 4 29 116 149 16 32 114 18 146 147 31 144 11 21 46 24 156 5 58 25 133 115 152 52 68 134 66 141 109 1 39 37 15 40 100 122 34 160 64 130 3 158 128 76 135 51 97",164,"uuid:e57b5b5f-40ad-4aa6-b44a-9be3fb548068/show_draws","uuid:e57b5b5f-40ad-4aa6-b44a-9be3fb548068/replace",,"uuid:e57b5b5f-40ad-4aa6-b44a-9be3fb548068",2016101819,"uuid:e57b5b5f-40ad-4aa6-b44a-9be3fb548068"
"Oct 25, 2016 8:43:06 PM","Oct 25, 2016 11:44:04 AM","Oct 25, 2016 8:16:37 PM",,111,135,135,668,"uuid:e780d28c-fa8b-4dba-832a-7af54ad649f2/random_draws","21 73 130 76 56 55 103 66 15 108 32 123 122 67 82 65 109 124 90 113 36 38 10 23 1 60 102 24 104 34 78 27 96 70 95 85 93 84 92 4 87 77 75 31 69 131 89 59 127 81 47 58 29 37 53 25 8 14 128 111 46 6 135 16 134 30 74 118 94 88 80 35 3 62 18 126 22 7 33 112 107 50 72 64 26 97 12 61 52 45 39 101 41 2 133 114 98 11 48 51 110 42 79 43 54 119 115 86 120 63 13 19 117 28 49 132 71 106 91 99 9 57 83 44 100 68 105 17 125 121 5 40 20 116 129",135,"uuid:e780d28c-fa8b-4dba-832a-7af54ad649f2/show_draws","uuid:e780d28c-fa8b-4dba-832a-7af54ad649f2/replace",,"uuid:e780d28c-fa8b-4dba-832a-7af54ad649f2",2016101819,"uuid:e780d28c-fa8b-4dba-832a-7af54ad649f2"
"Oct 25, 2016 8:43:29 PM","Oct 25, 2016 12:39:29 PM","Oct 25, 2016 6:17:58 PM",,86,74,74,302,"uuid:7e6ce6b3-ba15-4b38-91c5-e9e725f30503/random_draws","37 19 55 52 56 6 27 51 31 74 53 60 50 58 24 23 25 13 26 66 11 15 73 65 43 5 18 63 32 14 46 48 8 67 40 39 47 12 4 44 49 45 42 33 29 10 68 17 9 1 3 28 57 20 72 54 38 34 16 41 30 59 21 7 69 2 64 61 36 62 35 70 71 22",74,"uuid:7e6ce6b3-ba15-4b38-91c5-e9e725f30503/show_draws","uuid:7e6ce6b3-ba15-4b38-91c5-e9e725f30503/replace",,"uuid:7e6ce6b3-ba15-4b38-91c5-e9e725f30503",2016101819,"uuid:7e6ce6b3-ba15-4b38-91c5-e9e725f30503"
"Oct 25, 2016 8:45:24 PM","Oct 25, 2016 12:38:40 PM","Oct 25, 2016 7:26:18 PM",,89,107,107,654,"uuid:96f3bf3e-297f-427e-820e-e4cdd7398382/random_draws","101 35 75 3 76 90 19 68 2 82 38 102 27 6 64 105 13 14 31 32 12 49 39 74 97 84 54 81 9 24 50 44 1 28 98 104 43 107 91 61 36 85 73 4 21 96 46 17 89 11 22 56 78 45 63 93 34 66 99 20 60 42 100 29 58 55 47 77 80 41 69 72 70 86 87 33 71 7 88 83 95 8 48 30 65 18 37 59 103 15 53 52 5 94 92 106 23 40 57 16 67 10 25 26 62 79 51",107,"uuid:96f3bf3e-297f-427e-820e-e4cdd7398382/show_draws","uuid:96f3bf3e-297f-427e-820e-e4cdd7398382/replace",,"uuid:96f3bf3e-297f-427e-820e-e4cdd7398382",2016101819,"uuid:96f3bf3e-297f-427e-820e-e4cdd7398382"
"Oct 26, 2016 7:49:50 PM","Oct 26, 2016 1:13:48 PM","Oct 26, 2016 6:20:43 PM",,90,101,101,635,"uuid:140372bc-a929-418e-97f7-ae4afe960d21/random_draws","92 57 13 54 22 4 37 5 58 7 26 53 96 10 66 42 61 11 87 8 85 89 43 45 25 68 19 33 77 48 24 99 36 34 2 79 78 12 56 47 83 3 80 30 62 100 64 49 94 59 40 51 31 93 16 82 44 41 39 74 6 52 71 98 21 88 29 101 23 32 76 97 38 65 73 63 69 90 15 84 67 91 70 81 27 86 55 35 14 17 60 75 95 20 9 1 18 46 72 50 28",101,"uuid:140372bc-a929-418e-97f7-ae4afe960d21/show_draws","uuid:140372bc-a929-418e-97f7-ae4afe960d21/replace",,"uuid:140372bc-a929-418e-97f7-ae4afe960d21",2016101819,"uuid:140372bc-a929-418e-97f7-ae4afe960d21"
"Oct 26, 2016 8:24:07 PM","Oct 26, 2016 12:37:55 PM","Oct 26, 2016 7:58:45 PM",,72,105,105,511,"uuid:87d17145-b0e7-4f6e-9cf2-356f0e1f04c2/random_draws","10 83 66 23 76 62 51 65 30 104 78 68 75 1 13 47 52 43 46 81 49 28 17 82 48 97 61 26 21 29 15 40 72 32 7 90 14 37 59 99 42 34 103 102 53 63 22 101 77 36 93 100 57 95 73 88 20 79 58 18 96 105 25 5 55 8 67 38 41 85 35 70 64 80 92 71 87 27 98 9 89 91 24 12 44 60 16 86 84 4 2 39 74 56 6 69 33 19 3 94 50 31 54 11 45",105,"uuid:87d17145-b0e7-4f6e-9cf2-356f0e1f04c2/show_draws","uuid:87d17145-b0e7-4f6e-9cf2-356f0e1f04c2/replace",,"uuid:87d17145-b0e7-4f6e-9cf2-356f0e1f04c2",2016101819,"uuid:87d17145-b0e7-4f6e-9cf2-356f0e1f04c2"
"Oct 26, 2016 8:31:50 PM","Oct 26, 2016 12:45:39 PM","Oct 26, 2016 8:17:51 PM",,78,119,119,721,"uuid:115d1d05-bc7a-4a6e-be8c-56e82d88a6a8/random_draws","84 14 105 47 30 2 19 104 71 36 68 1 8 118 20 114 65 107 55 100 3 98 56 80 74 41 4 62 72 91 53 96 17 83 18 87 117 60 103 85 97 54 24 77 106 63 40 116 32 59 95 70 12 64 22 119 112 61 111 6 35 69 27 92 113 49 10 94 21 66 9 73 108 110 42 16 101 50 33 46 29 99 48 44 78 102 58 90 13 52 82 115 67 75 23 7 15 88 43 25 26 28 37 81 86 51 39 79 31 109 93 57 45 34 38 5 89 11 76",119,"uuid:115d1d05-bc7a-4a6e-be8c-56e82d88a6a8/show_draws","uuid:115d1d05-bc7a-4a6e-be8c-56e82d88a6a8/replace",,"uuid:115d1d05-bc7a-4a6e-be8c-56e82d88a6a8",2016101819,"uuid:115d1d05-bc7a-4a6e-be8c-56e82d88a6a8"
"Oct 27, 2016 8:30:13 PM","Oct 27, 2016 11:18:29 AM","Oct 27, 2016 7:51:09 PM",,92,106,106,462,"uuid:4a98c96e-a01d-4606-acbc-2c1eb396d66c/random_draws","89 96 41 56 73 18 104 42 12 90 51 32 3 37 13 47 59 28 8 14 1 63 95 26 55 93 76 54 80 15 16 17 67 74 78 6 72 49 81 99 64 100 60 61 39 20 58 52 35 66 27 85 92 4 40 53 62 101 102 43 25 24 50 57 105 83 48 46 79 77 9 86 91 10 34 88 19 98 29 45 36 82 38 31 7 87 22 103 5 68 70 94 33 30 44 2 23 65 69 71 75 84 11 106 97 21",106,"uuid:4a98c96e-a01d-4606-acbc-2c1eb396d66c/show_draws","uuid:4a98c96e-a01d-4606-acbc-2c1eb396d66c/replace",,"uuid:4a98c96e-a01d-4606-acbc-2c1eb396d66c",2016101819,"uuid:4a98c96e-a01d-4606-acbc-2c1eb396d66c"
"Oct 27, 2016 8:39:35 PM","Oct 27, 2016 11:46:39 AM","Oct 27, 2016 7:32:11 PM",,91,150,150,690,"uuid:dd8a958e-c8f7-4d41-b855-e484c7687b02/random_draws","114 34 144 138 122 128 43 145 61 94 95 72 129 143 124 44 83 70 75 100 77 147 105 131 74 141 125 109 130 81 120 9 29 66 112 65 101 37 26 56 69 54 4 118 68 107 103 38 139 36 149 32 41 16 49 55 39 78 1 117 21 45 93 2 132 136 48 11 121 104 7 115 89 33 116 148 50 99 42 106 88 5 20 17 123 80 87 12 31 63 98 119 6 60 85 108 127 14 86 19 46 15 58 57 35 18 59 8 23 140 71 142 53 82 113 111 84 134 40 10 133 30 76 62 150 67 102 110 96 73 137 47 28 22 135 92 3 146 52 90 79 91 13 126 25 24 64 27 97 51",150,"uuid:dd8a958e-c8f7-4d41-b855-e484c7687b02/show_draws","uuid:dd8a958e-c8f7-4d41-b855-e484c7687b02/replace",,"uuid:dd8a958e-c8f7-4d41-b855-e484c7687b02",2016101819,"uuid:dd8a958e-c8f7-4d41-b855-e484c7687b02"
"Oct 28, 2016 7:43:14 PM","Oct 27, 2016 1:21:28 PM","Oct 28, 2016 7:35:05 PM",,95,121,121,551,"uuid:841281e9-7c86-428c-8754-981c44797900/random_draws","7 106 77 98 38 1 13 8 6 89 34 76 60 117 35 84 53 118 19 44 75 81 16 4 21 46 49 37 42 45 59 64 40 104 24 11 102 108 74 10 69 33 100 14 17 109 70 85 119 47 97 121 115 99 56 68 83 67 26 113 120 41 95 71 57 25 82 114 30 52 5 50 65 29 55 66 110 23 116 58 91 62 48 20 101 28 94 73 92 36 96 2 15 72 61 105 32 103 51 31 54 107 88 86 12 43 90 18 22 79 9 112 87 78 39 27 80 63 3 93 111",121,"uuid:841281e9-7c86-428c-8754-981c44797900/show_draws","uuid:841281e9-7c86-428c-8754-981c44797900/replace",,"uuid:841281e9-7c86-428c-8754-981c44797900",2016101819,"uuid:841281e9-7c86-428c-8754-981c44797900"
"Oct 28, 2016 8:29:15 PM","Oct 28, 2016 12:42:15 PM","Oct 28, 2016 7:58:44 PM",,93,106,106,508,"uuid:2d9acce7-8975-47b2-b64d-0ba60dd8d3fa/random_draws","62 102 52 34 87 105 92 83 46 13 22 4 93 3 8 61 72 20 27 99 97 66 7 79 10 106 41 95 29 12 91 5 57 30 50 68 55 84 24 81 14 42 25 23 19 26 88 80 76 51 28 53 73 69 65 96 100 1 71 77 38 39 9 94 63 35 75 32 98 103 40 37 15 70 36 18 60 74 78 90 16 67 43 11 49 59 2 89 44 6 54 45 31 86 64 17 104 21 47 82 85 56 101 48 33 58",106,"uuid:2d9acce7-8975-47b2-b64d-0ba60dd8d3fa/show_draws","uuid:2d9acce7-8975-47b2-b64d-0ba60dd8d3fa/replace",,"uuid:2d9acce7-8975-47b2-b64d-0ba60dd8d3fa",2016101819,"uuid:2d9acce7-8975-47b2-b64d-0ba60dd8d3fa"
"Oct 29, 2016 6:31:50 PM","Oct 29, 2016 11:23:27 AM","Oct 29, 2016 4:41:48 PM",,96,101,101,503,"uuid:3a4cd560-4c89-4da2-b003-aede1be7e0db/random_draws","78 79 60 86 16 80 93 47 99 50 71 28 57 19 88 27 89 77 39 65 17 85 52 24 87 94 25 34 67 66 8 38 41 81 72 36 97 33 63 31 92 32 9 44 20 30 6 98 74 14 12 70 53 22 7 43 83 56 42 68 13 64 96 95 69 49 23 5 51 18 73 11 55 84 100 1 3 82 45 21 35 29 46 26 58 4 61 48 2 59 62 10 54 91 40 15 76 90 75 101 37",101,"uuid:3a4cd560-4c89-4da2-b003-aede1be7e0db/show_draws","uuid:3a4cd560-4c89-4da2-b003-aede1be7e0db/replace",,"uuid:3a4cd560-4c89-4da2-b003-aede1be7e0db",2016101819,"uuid:3a4cd560-4c89-4da2-b003-aede1be7e0db"
"Oct 29, 2016 7:32:16 PM","Oct 29, 2016 11:39:25 AM","Oct 29, 2016 5:24:14 PM",,81,111,111,497,"uuid:984d2f1a-2dc2-4454-8e56-2bdddac06a63/random_draws","42 39 57 107 86 76 75 9 45 92 19 24 58 62 78 61 28 5 66 30 109 65 21 23 4 60 8 110 18 43 27 29 63 34 85 98 15 13 81 35 46 89 77 26 25 69 87 102 108 96 88 103 3 16 101 70 106 105 1 95 20 91 80 14 93 68 74 67 100 49 36 84 99 50 59 72 33 104 37 22 90 51 73 2 56 47 53 12 82 79 41 10 71 31 94 52 6 11 44 7 55 32 38 40 111 97 64 83 17 48 54",111,"uuid:984d2f1a-2dc2-4454-8e56-2bdddac06a63/show_draws","uuid:984d2f1a-2dc2-4454-8e56-2bdddac06a63/replace",,"uuid:984d2f1a-2dc2-4454-8e56-2bdddac06a63",2016101819,"uuid:984d2f1a-2dc2-4454-8e56-2bdddac06a63"
"Oct 29, 2016 8:29:06 PM","Oct 28, 2016 11:26:26 AM","Oct 28, 2016 7:57:15 PM",,87,106,106,581,"uuid:c5cd6048-fe29-4f6e-b739-af9c8915d411/random_draws","78 76 48 38 80 35 29 54 15 89 1 36 55 18 68 66 90 67 103 79 31 96 95 81 58 32 28 102 65 52 84 2 6 51 70 50 77 11 23 47 14 97 34 41 86 46 22 100 99 53 5 106 101 71 57 83 72 42 73 104 60 24 61 8 7 64 63 75 43 37 13 9 21 88 12 3 59 91 69 94 85 20 33 49 93 74 45 19 25 105 92 40 98 4 82 10 39 30 44 26 27 62 56 17 16 87",106,"uuid:c5cd6048-fe29-4f6e-b739-af9c8915d411/show_draws","uuid:c5cd6048-fe29-4f6e-b739-af9c8915d411/replace",,"uuid:c5cd6048-fe29-4f6e-b739-af9c8915d411",2016101819,"uuid:c5cd6048-fe29-4f6e-b739-af9c8915d411"
"Oct 29, 2016 8:29:09 PM","Oct 29, 2016 11:57:05 AM","Oct 29, 2016 8:23:53 PM",,94,122,122,615,"uuid:9f15a0d7-d3bd-46cf-b689-dc4448403424/random_draws","88 67 30 50 40 13 96 84 3 21 53 39 110 113 23 103 63 111 37 109 95 48 9 68 51 108 66 106 11 77 47 104 86 91 89 24 115 81 2 93 27 41 75 1 57 28 112 83 38 74 117 71 114 25 20 34 99 116 54 72 59 119 10 98 97 5 33 42 122 14 26 43 94 120 29 105 18 80 70 101 90 58 6 64 36 55 85 82 22 78 121 52 65 8 17 16 62 44 79 15 73 60 76 100 12 69 31 49 56 45 46 4 118 35 92 32 107 7 102 87 61 19",122,"uuid:9f15a0d7-d3bd-46cf-b689-dc4448403424/show_draws","uuid:9f15a0d7-d3bd-46cf-b689-dc4448403424/replace",,"uuid:9f15a0d7-d3bd-46cf-b689-dc4448403424",2016101819,"uuid:9f15a0d7-d3bd-46cf-b689-dc4448403424"
"Oct 31, 2016 9:05:40 PM","Oct 31, 2016 1:20:22 PM","Oct 31, 2016 8:50:11 PM",,65,149,149,916,"uuid:433e9aac-80b1-40e8-bca0-494f04e1844e/random_draws","100 95 59 119 43 37 138 80 54 28 22 90 116 133 134 110 125 2 118 12 75 82 73 106 56 132 52 103 35 89 71 6 135 67 24 16 144 9 26 31 45 4 146 127 91 99 108 66 13 142 77 141 148 84 14 55 86 115 32 15 94 42 104 130 50 47 20 97 40 64 129 88 137 93 29 109 70 87 61 19 63 139 117 123 92 34 39 101 25 98 72 145 41 114 36 49 107 85 149 48 11 136 58 126 30 111 112 46 81 78 83 121 57 33 62 5 68 1 10 23 102 18 7 3 51 38 65 69 147 122 120 79 105 113 140 76 74 128 8 27 60 44 17 21 96 131 124 53 143",149,"uuid:433e9aac-80b1-40e8-bca0-494f04e1844e/show_draws","uuid:433e9aac-80b1-40e8-bca0-494f04e1844e/replace",,"uuid:433e9aac-80b1-40e8-bca0-494f04e1844e",2016101819,"uuid:433e9aac-80b1-40e8-bca0-494f04e1844e"
"Oct 31, 2016 9:11:20 PM","Oct 31, 2016 2:26:02 PM","Oct 31, 2016 9:07:17 PM",,66,80,80,291,"uuid:ff2d7ba2-1a79-4ff5-a4f5-b10675b7c339/random_draws","20 26 5 42 66 46 25 17 15 52 27 54 44 53 56 23 71 77 3 74 41 18 70 10 43 22 59 64 12 31 29 48 38 9 57 51 80 14 21 72 60 79 30 76 50 78 4 24 6 45 39 8 16 11 49 34 19 62 68 1 73 40 28 13 47 67 32 75 69 63 58 2 65 36 35 61 37 55 7 33",80,"uuid:ff2d7ba2-1a79-4ff5-a4f5-b10675b7c339/show_draws","uuid:ff2d7ba2-1a79-4ff5-a4f5-b10675b7c339/replace",,"uuid:ff2d7ba2-1a79-4ff5-a4f5-b10675b7c339",2016101819,"uuid:ff2d7ba2-1a79-4ff5-a4f5-b10675b7c339"
"Nov 1, 2016 7:17:56 PM","Nov 1, 2016 11:48:34 AM","Nov 1, 2016 6:56:21 PM",,67,70,70,389,"uuid:04e0791b-f0ce-44f5-a455-ff972f9cb9f6/random_draws","40 19 54 2 53 9 39 34 10 33 17 8 59 55 42 56 11 21 37 35 25 32 22 6 14 46 68 49 57 44 62 64 20 4 13 51 28 63 15 61 1 36 66 48 67 30 70 47 43 29 26 3 27 12 52 24 41 50 23 69 58 18 65 16 5 45 31 7 60 38",70,"uuid:04e0791b-f0ce-44f5-a455-ff972f9cb9f6/show_draws","uuid:04e0791b-f0ce-44f5-a455-ff972f9cb9f6/replace",,"uuid:04e0791b-f0ce-44f5-a455-ff972f9cb9f6",2016101819,"uuid:04e0791b-f0ce-44f5-a455-ff972f9cb9f6"
"Nov 1, 2016 8:54:23 PM","Oct 31, 2016 1:51:55 PM","Oct 31, 2016 10:04:26 PM",,68,124,124,568,"uuid:7727b3e2-c7f0-428d-ae69-a688f5bf20ef/random_draws","3 59 110 75 9 71 94 107 15 121 44 22 88 46 97 39 54 120 90 119 48 24 51 32 72 23 89 101 45 61 11 78 98 66 16 30 105 13 28 6 111 117 93 77 63 29 27 50 18 12 7 87 34 41 118 56 113 60 99 43 104 79 86 91 26 53 96 4 102 20 115 25 114 109 68 122 42 37 58 67 10 100 49 64 62 17 85 82 92 38 74 57 2 95 108 65 124 36 69 35 52 73 70 21 14 55 80 31 76 116 40 112 8 103 84 33 5 47 106 19 81 83 1 123",124,"uuid:7727b3e2-c7f0-428d-ae69-a688f5bf20ef/show_draws","uuid:7727b3e2-c7f0-428d-ae69-a688f5bf20ef/replace",,"uuid:7727b3e2-c7f0-428d-ae69-a688f5bf20ef",2016101819,"uuid:7727b3e2-c7f0-428d-ae69-a688f5bf20ef"
"Nov 1, 2016 8:54:52 PM","Nov 1, 2016 11:37:05 AM","Nov 1, 2016 5:11:25 PM",,82,123,123,1001,"uuid:58ec7c41-c701-49a2-b0ea-846a9c6f241c/random_draws","100 51 119 26 5 89 40 44 49 111 77 9 20 19 42 11 115 41 84 122 95 33 4 96 47 62 94 43 52 106 17 105 14 71 55 81 85 31 60 92 103 99 2 34 120 108 25 16 36 10 7 73 97 37 21 116 27 13 90 70 123 3 68 18 50 48 93 65 75 80 83 53 28 112 110 121 76 69 63 32 45 30 15 87 23 104 38 59 24 107 74 8 57 72 35 58 82 113 12 29 39 78 118 67 1 6 66 117 64 114 109 54 102 98 86 101 61 88 22 79 56 91",123,"uuid:58ec7c41-c701-49a2-b0ea-846a9c6f241c/show_draws","uuid:58ec7c41-c701-49a2-b0ea-846a9c6f241c/replace",,"uuid:58ec7c41-c701-49a2-b0ea-846a9c6f241c",2016101819,"uuid:58ec7c41-c701-49a2-b0ea-846a9c6f241c"
"Nov 2, 2016 6:56:55 PM","Nov 2, 2016 11:51:25 AM","Nov 2, 2016 4:33:23 PM",,77,136,136,462,"uuid:0a2b200a-b632-4b5e-bfda-cf5f29531b9b/random_draws","52 114 23 121 135 105 6 110 98 34 61 92 31 11 65 75 43 57 37 78 99 14 26 40 69 51 122 94 29 42 54 86 62 39 80 133 93 113 1 136 102 118 120 104 53 108 59 33 25 8 30 130 74 101 12 112 17 4 126 13 21 70 38 103 73 84 28 117 88 67 111 18 79 16 3 7 47 132 20 107 2 71 44 81 109 97 50 22 83 77 72 15 125 76 56 116 49 85 91 5 90 10 129 19 55 64 100 89 24 131 41 58 32 27 9 119 66 45 95 115 123 36 82 63 46 96 124 48 127 68 87 134 60 106 128 35",136,"uuid:0a2b200a-b632-4b5e-bfda-cf5f29531b9b/show_draws","uuid:0a2b200a-b632-4b5e-bfda-cf5f29531b9b/replace",,"uuid:0a2b200a-b632-4b5e-bfda-cf5f29531b9b",2016101819,"uuid:0a2b200a-b632-4b5e-bfda-cf5f29531b9b"
"Nov 2, 2016 6:58:04 PM","Nov 2, 2016 11:20:02 AM","Nov 2, 2016 6:26:17 PM",,79,63,63,223,"uuid:6283d916-a012-443e-a6ec-2795099163de/random_draws","43 38 51 11 29 49 36 17 54 39 10 6 61 33 62 58 60 32 31 15 28 13 25 46 26 3 14 59 18 1 22 40 24 55 20 50 30 2 47 57 7 56 21 35 19 45 42 12 37 63 4 41 23 16 5 44 8 48 34 53 27 9 52",63,"uuid:6283d916-a012-443e-a6ec-2795099163de/show_draws","uuid:6283d916-a012-443e-a6ec-2795099163de/replace",,"uuid:6283d916-a012-443e-a6ec-2795099163de",2016101819,"uuid:6283d916-a012-443e-a6ec-2795099163de"
"Nov 2, 2016 8:09:35 PM","Nov 1, 2016 3:33:04 PM","Nov 2, 2016 1:21:15 AM",,104,96,96,363,"uuid:a65d9d6a-747f-48b7-ada4-e625b64e933a/random_draws","38 54 72 80 43 73 77 44 82 52 92 31 66 9 5 46 37 16 33 90 42 8 91 12 53 40 11 86 25 10 18 67 26 62 36 45 69 61 57 93 20 79 65 88 85 2 89 21 14 28 32 3 47 87 13 96 35 4 56 7 24 63 59 60 84 55 27 94 6 39 51 81 75 22 74 34 70 64 78 68 23 15 17 58 48 76 41 49 30 83 29 50 71 19 1 95",96,"uuid:a65d9d6a-747f-48b7-ada4-e625b64e933a/show_draws","uuid:a65d9d6a-747f-48b7-ada4-e625b64e933a/replace",,"uuid:a65d9d6a-747f-48b7-ada4-e625b64e933a",2016101819,"uuid:a65d9d6a-747f-48b7-ada4-e625b64e933a"
"Nov 2, 2016 8:09:38 PM","Nov 2, 2016 11:37:31 AM","Nov 2, 2016 7:11:50 PM",,112,96,96,330,"uuid:f6dab31b-1cf8-45fa-a281-dad6ef854000/random_draws","68 11 38 1 5 36 80 26 16 42 6 67 70 21 41 49 12 27 15 39 45 48 14 40 96 54 73 2 85 76 58 13 61 3 22 7 34 53 8 91 44 90 57 56 84 37 4 50 87 43 88 89 9 18 79 78 20 64 75 82 69 33 60 30 23 81 62 24 25 55 32 94 86 31 83 17 28 71 52 66 10 65 93 95 74 35 46 59 72 19 77 63 47 51 92 29",96,"uuid:f6dab31b-1cf8-45fa-a281-dad6ef854000/show_draws","uuid:f6dab31b-1cf8-45fa-a281-dad6ef854000/replace",,"uuid:f6dab31b-1cf8-45fa-a281-dad6ef854000",2016101819,"uuid:f6dab31b-1cf8-45fa-a281-dad6ef854000"
"Nov 3, 2016 5:31:23 PM","Nov 3, 2016 10:45:59 AM","Nov 3, 2016 3:52:10 PM",,84,95,95,502,"uuid:483984de-9717-4085-9faa-312911f00187/random_draws","18 84 35 95 63 40 70 83 1 8 66 88 7 37 42 46 90 79 32 68 78 13 19 41 11 29 94 77 24 71 60 87 57 34 12 20 30 9 92 86 54 93 72 73 67 16 25 69 45 52 6 48 10 21 38 3 49 17 44 4 43 80 85 82 23 81 51 15 75 89 55 91 14 33 64 76 65 31 47 58 26 50 2 36 59 39 53 27 61 5 74 22 56 28 62",95,"uuid:483984de-9717-4085-9faa-312911f00187/show_draws","uuid:483984de-9717-4085-9faa-312911f00187/replace",,"uuid:483984de-9717-4085-9faa-312911f00187",2016101819,"uuid:483984de-9717-4085-9faa-312911f00187"
"Nov 3, 2016 6:18:36 PM","Nov 3, 2016 11:51:55 AM","Nov 3, 2016 4:58:33 PM",,71,93,93,348,"uuid:7c84b619-e85c-4539-a08b-9f9b3b3b3248/random_draws","30 3 93 63 28 1 2 51 21 18 82 87 14 31 61 39 26 41 6 16 65 4 68 47 66 59 25 45 53 72 24 19 60 77 50 46 44 12 15 52 37 5 79 20 48 32 29 75 57 34 78 17 36 80 86 85 84 55 64 23 70 54 90 74 49 67 92 91 43 33 76 81 8 89 58 40 62 27 9 38 10 35 69 42 71 88 22 83 7 73 11 56 13",93,"uuid:7c84b619-e85c-4539-a08b-9f9b3b3b3248/show_draws","uuid:7c84b619-e85c-4539-a08b-9f9b3b3b3248/replace",,"uuid:7c84b619-e85c-4539-a08b-9f9b3b3b3248",2016101819,"uuid:7c84b619-e85c-4539-a08b-9f9b3b3b3248"
"Nov 3, 2016 6:46:14 PM","Nov 3, 2016 10:19:37 AM","Nov 3, 2016 6:44:47 PM",,88,129,129,672,"uuid:78bd3bdd-2d48-4aff-b492-396a4ace6826/random_draws","76 96 80 97 71 82 108 26 91 40 95 78 32 72 49 88 61 102 123 113 109 41 86 50 99 117 104 38 114 79 60 85 111 2 129 46 33 84 115 100 83 39 20 105 25 5 34 11 127 15 124 68 63 7 36 47 107 14 16 44 93 66 67 19 22 73 62 6 118 18 59 30 69 103 126 3 23 81 89 31 56 28 54 4 101 48 110 35 128 37 98 42 10 55 52 21 106 27 51 9 112 87 116 13 120 53 1 64 92 121 8 43 70 57 75 94 58 125 65 122 119 17 90 74 77 24 45 12 29",129,"uuid:78bd3bdd-2d48-4aff-b492-396a4ace6826/show_draws","uuid:78bd3bdd-2d48-4aff-b492-396a4ace6826/replace",,"uuid:78bd3bdd-2d48-4aff-b492-396a4ace6826",2016101819,"uuid:78bd3bdd-2d48-4aff-b492-396a4ace6826"
"Nov 8, 2016 8:54:16 PM","Nov 7, 2016 12:46:22 PM","Nov 7, 2016 8:44:09 PM",,57,104,104,632,"uuid:213b6e59-4469-401f-9cb0-ff7b840f4a94/random_draws","36 83 69 72 48 45 39 61 31 62 53 77 41 46 78 44 94 38 19 23 3 12 28 49 47 66 99 76 82 34 16 26 90 25 63 73 67 86 15 96 79 97 74 70 6 71 65 37 68 81 75 30 95 5 59 17 43 51 8 92 102 32 13 10 33 27 104 57 50 20 40 103 4 84 91 64 58 1 54 24 56 42 89 9 100 80 29 11 2 55 98 85 22 52 93 7 35 60 14 101 88 87 21 18",104,"uuid:213b6e59-4469-401f-9cb0-ff7b840f4a94/show_draws","uuid:213b6e59-4469-401f-9cb0-ff7b840f4a94/replace",,"uuid:213b6e59-4469-401f-9cb0-ff7b840f4a94",2016101819,"uuid:213b6e59-4469-401f-9cb0-ff7b840f4a94"
"Nov 8, 2016 8:54:45 PM","Nov 8, 2016 11:57:11 AM","Nov 8, 2016 5:48:16 PM",,51,137,137,542,"uuid:dcd90535-5ac2-4354-8d55-74b9c13bec3d/random_draws","97 93 131 120 13 90 48 63 121 25 32 76 14 67 112 85 99 95 21 4 40 54 117 51 100 78 108 62 106 19 83 129 122 43 47 79 132 110 107 12 26 102 70 127 35 37 137 82 36 1 84 113 27 10 39 20 5 52 9 88 135 71 66 34 56 68 126 49 64 109 116 15 8 50 11 74 123 119 98 111 94 59 3 87 134 114 105 86 42 45 24 17 92 46 53 104 18 6 124 30 125 7 118 16 61 81 69 73 96 133 101 115 2 33 128 136 60 44 65 41 38 75 130 91 57 55 23 77 80 28 58 72 29 89 103 31 22",137,"uuid:dcd90535-5ac2-4354-8d55-74b9c13bec3d/show_draws","uuid:dcd90535-5ac2-4354-8d55-74b9c13bec3d/replace",,"uuid:dcd90535-5ac2-4354-8d55-74b9c13bec3d",2016101819,"uuid:dcd90535-5ac2-4354-8d55-74b9c13bec3d"
"Nov 8, 2016 8:55:09 PM","Nov 8, 2016 11:24:52 AM","Nov 8, 2016 4:21:35 PM",,49,106,106,509,"uuid:e7f2e1c0-f028-4809-9d07-335fa00806a5/random_draws","13 6 5 75 53 95 1 88 15 98 86 59 58 28 63 10 16 93 103 73 60 7 92 42 65 81 94 72 22 33 25 35 57 101 97 41 20 71 36 12 24 30 80 48 38 46 31 11 14 26 50 29 43 102 61 37 84 2 78 83 49 19 89 51 79 9 106 40 66 32 90 44 3 100 56 68 77 104 74 54 91 27 45 70 69 4 17 85 34 21 47 23 76 96 67 105 18 87 82 64 8 55 99 39 62 52",106,"uuid:e7f2e1c0-f028-4809-9d07-335fa00806a5/show_draws","uuid:e7f2e1c0-f028-4809-9d07-335fa00806a5/replace",,"uuid:e7f2e1c0-f028-4809-9d07-335fa00806a5",2016101819,"uuid:e7f2e1c0-f028-4809-9d07-335fa00806a5"
"Nov 8, 2016 8:57:02 PM","Nov 8, 2016 11:54:05 AM","Nov 8, 2016 5:12:38 PM",,50,68,68,260,"uuid:04a421e2-d706-4e9f-bbb5-07ea2ed1744f/random_draws","29 56 3 16 10 11 60 12 43 48 21 34 41 66 45 47 23 26 19 44 54 1 20 38 42 51 9 32 18 57 28 37 65 49 67 63 58 53 50 7 64 6 14 46 8 2 22 15 59 36 25 62 27 30 55 13 40 39 5 4 31 35 24 33 52 68 61 17",68,"uuid:04a421e2-d706-4e9f-bbb5-07ea2ed1744f/show_draws","uuid:04a421e2-d706-4e9f-bbb5-07ea2ed1744f/replace",,"uuid:04a421e2-d706-4e9f-bbb5-07ea2ed1744f",2016101819,"uuid:04a421e2-d706-4e9f-bbb5-07ea2ed1744f"
"Nov 8, 2016 9:04:58 PM","Nov 7, 2016 12:48:35 PM","Nov 7, 2016 6:43:02 PM",,53,74,74,436,"uuid:8e2230d0-c874-4286-8ee7-51b04a4787d0/random_draws","46 23 31 34 14 18 2 24 8 13 72 62 56 20 12 10 6 7 60 1 44 26 59 68 39 15 29 73 69 58 40 48 53 36 41 32 19 49 71 70 61 4 28 55 33 11 17 65 47 21 22 5 51 35 74 30 66 27 54 37 25 52 64 57 45 67 50 16 63 3 9 43 42 38",74,"uuid:8e2230d0-c874-4286-8ee7-51b04a4787d0/show_draws","uuid:8e2230d0-c874-4286-8ee7-51b04a4787d0/replace",,"uuid:8e2230d0-c874-4286-8ee7-51b04a4787d0",2016101819,"uuid:8e2230d0-c874-4286-8ee7-51b04a4787d0"
"Nov 8, 2016 9:05:59 PM","Nov 4, 2016 11:07:17 AM","Nov 4, 2016 5:43:00 PM",,83,90,90,501,"uuid:99ebb0a0-06d7-42c2-8215-6cc3c95547b4/random_draws","1 89 53 13 17 52 54 3 39 67 14 60 24 66 61 68 45 47 78 25 6 44 26 81 51 21 84 65 62 76 37 35 29 46 75 58 69 57 34 63 16 32 28 64 88 5 87 49 30 48 12 31 56 59 72 85 82 73 79 77 83 33 19 42 70 74 41 43 36 55 90 27 8 80 15 7 23 11 86 2 38 10 20 40 22 71 4 18 9 50",90,"uuid:99ebb0a0-06d7-42c2-8215-6cc3c95547b4/show_draws","uuid:99ebb0a0-06d7-42c2-8215-6cc3c95547b4/replace",,"uuid:99ebb0a0-06d7-42c2-8215-6cc3c95547b4",2016101819,"uuid:99ebb0a0-06d7-42c2-8215-6cc3c95547b4"
"Nov 8, 2016 9:06:58 PM","Nov 7, 2016 1:07:00 PM","Nov 7, 2016 7:07:26 PM",,56,68,68,322,"uuid:cc4fb033-86cb-4061-8b27-626709a20997/random_draws","2 38 19 67 3 25 66 57 8 16 26 21 53 40 50 48 45 59 4 15 60 37 28 29 24 1 13 58 49 56 18 20 23 65 36 35 55 63 7 6 51 68 46 31 39 32 9 10 22 43 47 14 44 61 11 42 62 5 30 27 64 17 12 54 52 41 33 34",68,"uuid:cc4fb033-86cb-4061-8b27-626709a20997/show_draws","uuid:cc4fb033-86cb-4061-8b27-626709a20997/replace",,"uuid:cc4fb033-86cb-4061-8b27-626709a20997",2016101819,"uuid:cc4fb033-86cb-4061-8b27-626709a20997"
"Nov 10, 2016 8:37:16 PM","Nov 9, 2016 11:27:44 AM","Nov 9, 2016 7:35:31 PM",,55,79,79,387,"uuid:8f2052b1-28ba-4b6a-a3c3-9214f32438c9/random_draws","35 17 19 41 39 25 14 52 45 11 26 10 51 66 34 20 3 72 55 48 60 50 71 63 53 56 58 64 23 32 54 79 67 13 36 76 70 73 15 28 7 69 68 2 77 31 16 6 75 46 38 9 30 33 8 74 1 42 47 57 24 4 61 40 49 18 78 43 5 12 62 65 37 29 44 21 22 59 27",79,"uuid:8f2052b1-28ba-4b6a-a3c3-9214f32438c9/show_draws","uuid:8f2052b1-28ba-4b6a-a3c3-9214f32438c9/replace",,"uuid:8f2052b1-28ba-4b6a-a3c3-9214f32438c9",2016101819,"uuid:8f2052b1-28ba-4b6a-a3c3-9214f32438c9"
"Nov 10, 2016 8:38:01 PM","Nov 9, 2016 1:04:30 PM","Nov 9, 2016 6:45:04 PM",,54,73,73,337,"uuid:1077b461-275b-47fa-b727-5846e6a16a0d/random_draws","28 53 17 16 40 33 18 22 29 45 62 68 49 50 57 71 24 19 63 12 6 15 25 41 13 4 70 67 11 10 52 54 14 39 44 1 38 47 56 60 8 42 59 72 58 32 66 7 48 51 27 36 35 23 34 55 20 73 5 65 2 64 3 30 61 31 69 37 9 26 21 43 46",73,"uuid:1077b461-275b-47fa-b727-5846e6a16a0d/show_draws","uuid:1077b461-275b-47fa-b727-5846e6a16a0d/replace",,"uuid:1077b461-275b-47fa-b727-5846e6a16a0d",2016101819,"uuid:1077b461-275b-47fa-b727-5846e6a16a0d"
"Nov 10, 2016 8:38:19 PM","Nov 10, 2016 12:24:52 PM","Nov 10, 2016 4:20:20 PM",,42,63,63,268,"uuid:613bfcbb-722e-48a3-8069-9f2a2d872feb/random_draws","37 8 35 43 4 59 41 20 6 22 53 3 56 52 39 29 28 9 2 27 13 10 48 38 61 33 31 15 7 34 21 49 51 55 26 44 25 18 45 30 40 19 54 16 42 46 63 57 60 47 36 50 17 14 11 12 23 62 32 58 24 1 5",63,"uuid:613bfcbb-722e-48a3-8069-9f2a2d872feb/show_draws","uuid:613bfcbb-722e-48a3-8069-9f2a2d872feb/replace",,"uuid:613bfcbb-722e-48a3-8069-9f2a2d872feb",2016101819,"uuid:613bfcbb-722e-48a3-8069-9f2a2d872feb"
"Nov 10, 2016 8:41:26 PM","Nov 10, 2016 11:09:28 AM","Nov 10, 2016 4:07:28 PM",,61,75,75,325,"uuid:1e2c0533-358a-40c8-ad92-e32b9c6d4f60/random_draws","31 66 30 43 12 40 32 15 33 68 18 64 61 7 70 4 37 41 21 44 47 54 5 16 10 74 75 9 51 59 55 46 8 65 22 25 45 57 71 56 14 17 29 2 3 11 13 73 20 72 42 58 26 48 36 28 35 19 62 24 67 63 23 49 69 50 27 34 60 1 38 39 6 53 52",75,"uuid:1e2c0533-358a-40c8-ad92-e32b9c6d4f60/show_draws","uuid:1e2c0533-358a-40c8-ad92-e32b9c6d4f60/replace",,"uuid:1e2c0533-358a-40c8-ad92-e32b9c6d4f60",2016101819,"uuid:1e2c0533-358a-40c8-ad92-e32b9c6d4f60"
"Nov 10, 2016 8:52:44 PM","Nov 9, 2016 11:03:12 AM","Nov 9, 2016 3:30:13 PM",,44,143,143,658,"uuid:11874958-eb25-40d8-9721-21f8c3320610/random_draws","77 92 57 16 122 52 134 1 26 117 85 94 118 62 22 66 130 110 121 10 109 24 97 61 133 101 96 112 136 138 74 33 68 53 3 46 139 63 54 38 114 125 35 116 91 119 70 72 20 84 104 39 108 123 60 49 113 50 80 143 4 18 124 67 115 32 88 87 79 127 58 78 12 106 100 140 44 111 2 107 105 89 129 73 86 42 95 98 48 82 141 69 103 5 56 51 19 25 14 135 132 29 30 64 13 71 34 41 55 45 47 11 81 131 23 83 43 36 7 37 65 128 27 76 102 6 120 90 126 142 15 40 99 17 21 93 75 8 28 59 9 31 137",143,"uuid:11874958-eb25-40d8-9721-21f8c3320610/show_draws","uuid:11874958-eb25-40d8-9721-21f8c3320610/replace",,"uuid:11874958-eb25-40d8-9721-21f8c3320610",2016101819,"uuid:11874958-eb25-40d8-9721-21f8c3320610"
"Nov 10, 2016 8:56:33 PM","Nov 10, 2016 12:42:15 PM","Nov 10, 2016 7:17:24 PM",,59,83,83,416,"uuid:5716646c-3b75-48cc-ab37-d35d78a91841/random_draws","39 54 26 18 4 79 5 20 52 73 8 40 24 10 59 41 45 56 58 47 23 7 35 21 32 22 44 9 13 57 25 63 66 60 36 17 27 64 42 81 62 72 15 30 69 55 2 71 43 1 46 76 31 51 29 61 77 67 83 37 11 14 6 53 75 82 38 48 34 19 49 70 65 12 74 78 68 50 16 33 28 80 3",83,"uuid:5716646c-3b75-48cc-ab37-d35d78a91841/show_draws","uuid:5716646c-3b75-48cc-ab37-d35d78a91841/replace",,"uuid:5716646c-3b75-48cc-ab37-d35d78a91841",2016101819,"uuid:5716646c-3b75-48cc-ab37-d35d78a91841"
"Nov 13, 2016 11:09:59 AM","Nov 11, 2016 11:47:53 AM","Nov 11, 2016 12:02:49 PM",,64,68,68,262,"uuid:3925396e-af4a-4fc7-ac45-44a8260f282e/random_draws","30 7 34 46 32 6 39 15 21 24 38 3 1 37 52 41 65 43 28 57 10 64 18 35 67 50 22 16 23 60 44 20 8 9 40 45 49 36 2 5 33 12 56 54 13 66 55 63 4 47 62 31 53 68 19 58 59 51 25 27 61 42 17 11 14 26 29 48",68,"uuid:3925396e-af4a-4fc7-ac45-44a8260f282e/show_draws","",,"uuid:3925396e-af4a-4fc7-ac45-44a8260f282e",2016101819,"uuid:3925396e-af4a-4fc7-ac45-44a8260f282e"
"Nov 13, 2016 11:10:02 AM","Nov 12, 2016 12:52:34 PM","Nov 12, 2016 7:38:41 PM",,43,125,125,520,"uuid:57a5de12-3a94-4538-8419-323811d944d1/random_draws","62 91 77 11 67 111 71 81 112 10 1 37 18 9 116 23 118 63 5 44 38 19 66 21 102 56 95 47 86 20 33 75 6 8 82 78 121 2 55 40 106 124 115 43 97 109 57 30 4 93 53 27 123 120 99 60 48 88 29 125 90 15 22 52 108 94 105 80 41 16 119 69 85 74 13 122 7 36 98 42 107 114 26 68 17 46 3 49 117 110 101 25 51 87 65 83 92 104 45 12 79 64 113 76 24 50 89 61 84 34 39 100 103 35 28 32 73 70 59 58 54 14 72 31 96",125,"uuid:57a5de12-3a94-4538-8419-323811d944d1/show_draws","uuid:57a5de12-3a94-4538-8419-323811d944d1/replace",,"uuid:57a5de12-3a94-4538-8419-323811d944d1",2016101819,"uuid:57a5de12-3a94-4538-8419-323811d944d1"
"Nov 13, 2016 11:12:17 AM","Nov 11, 2016 11:16:33 AM","Nov 11, 2016 3:30:48 PM",,58,165,165,955,"uuid:e0ce7458-3099-4e1b-bb89-ae369c22913f/random_draws","131 11 95 118 25 48 153 86 68 157 46 8 3 9 162 100 14 79 53 114 139 65 82 89 154 17 92 111 127 36 12 90 81 98 63 15 32 105 29 35 70 74 119 128 150 130 60 40 112 103 163 76 22 21 72 122 144 54 2 23 133 67 108 24 148 50 73 44 152 80 78 83 117 132 41 66 143 145 123 84 125 75 140 135 124 33 164 20 6 93 120 62 49 31 116 158 4 58 30 136 51 87 61 55 28 16 7 91 27 156 104 106 5 134 155 110 39 94 38 138 56 160 88 149 57 52 71 19 13 37 109 10 146 107 99 47 126 45 102 1 113 34 165 43 85 147 101 96 26 161 151 142 129 18 97 115 59 141 77 64 69 121 159 137 42",165,"uuid:e0ce7458-3099-4e1b-bb89-ae369c22913f/show_draws","uuid:e0ce7458-3099-4e1b-bb89-ae369c22913f/replace",,"uuid:e0ce7458-3099-4e1b-bb89-ae369c22913f",2016101819,"uuid:e0ce7458-3099-4e1b-bb89-ae369c22913f"
"Nov 13, 2016 11:12:20 AM","Nov 12, 2016 11:48:24 AM","Nov 12, 2016 4:50:29 PM",,60,121,121,486,"uuid:ff1d9c79-1900-4edf-9c03-f1eb531d4607/random_draws","26 20 77 120 96 74 41 5 63 39 95 97 110 86 62 68 23 48 10 40 49 84 121 104 87 106 52 89 11 14 9 25 72 105 58 18 61 44 15 37 79 28 59 73 6 90 76 80 101 82 36 107 71 85 2 117 98 91 99 119 57 66 93 115 114 78 69 1 113 4 12 81 7 21 108 112 19 33 50 100 94 64 83 88 47 13 92 53 56 3 65 34 60 31 111 75 102 45 32 67 55 46 24 103 38 51 54 116 30 42 27 22 35 43 17 8 70 118 16 29 109",121,"uuid:ff1d9c79-1900-4edf-9c03-f1eb531d4607/show_draws","uuid:ff1d9c79-1900-4edf-9c03-f1eb531d4607/replace",,"uuid:ff1d9c79-1900-4edf-9c03-f1eb531d4607",2016101819,"uuid:ff1d9c79-1900-4edf-9c03-f1eb531d4607"
"Nov 13, 2016 11:12:39 AM","Nov 11, 2016 12:48:47 PM","Nov 11, 2016 6:47:36 PM",,63,133,133,935,"uuid:bfd86569-0ff7-4f34-8ac2-e7c193fc0bfc/random_draws","2 103 125 131 78 98 26 122 22 54 126 36 129 80 4 57 123 30 91 23 69 25 104 108 19 120 58 56 127 55 102 15 132 60 34 76 71 133 128 101 9 11 48 44 66 42 28 97 130 70 113 73 41 24 20 96 109 51 106 65 8 62 39 72 86 107 59 118 43 40 79 64 87 3 16 124 84 83 31 47 32 18 116 14 119 53 38 29 82 17 37 1 61 21 63 100 50 46 49 105 88 35 33 74 7 10 68 27 112 52 121 90 95 115 5 111 75 89 94 85 92 114 93 6 12 99 117 77 45 110 67 81 13",133,"uuid:bfd86569-0ff7-4f34-8ac2-e7c193fc0bfc/show_draws","uuid:bfd86569-0ff7-4f34-8ac2-e7c193fc0bfc/replace",,"uuid:bfd86569-0ff7-4f34-8ac2-e7c193fc0bfc",2016101819,"uuid:bfd86569-0ff7-4f34-8ac2-e7c193fc0bfc"
"Nov 13, 2016 11:12:43 AM","Nov 12, 2016 12:11:27 PM","Nov 12, 2016 5:18:11 PM",,36,77,77,271,"uuid:f0be9f47-78ea-4940-9de8-213eb1120a62/random_draws","26 64 49 48 53 13 61 14 23 4 62 19 52 24 28 40 60 25 1 38 71 9 44 31 65 39 20 18 42 43 67 10 57 41 45 3 37 2 69 59 77 46 15 34 35 7 11 63 55 47 21 6 58 12 75 56 68 54 70 51 36 30 8 32 72 74 29 50 76 17 16 22 27 33 66 5 73",77,"uuid:f0be9f47-78ea-4940-9de8-213eb1120a62/show_draws","uuid:f0be9f47-78ea-4940-9de8-213eb1120a62/replace",,"uuid:f0be9f47-78ea-4940-9de8-213eb1120a62",2016101819,"uuid:f0be9f47-78ea-4940-9de8-213eb1120a62"
"Nov 14, 2016 9:42:26 PM","Nov 14, 2016 12:58:09 PM","Nov 14, 2016 6:30:53 PM",,33,86,86,460,"uuid:b59f02b8-6a62-4f52-94fd-d88dc99cbc09/random_draws","38 11 7 84 73 60 3 76 59 35 33 26 25 2 46 21 86 18 85 14 27 57 22 42 19 17 69 4 15 29 74 64 30 48 24 6 79 10 55 68 82 36 58 5 67 23 13 32 65 70 54 34 75 40 81 37 72 51 61 16 53 52 1 12 56 71 43 28 47 39 31 78 44 83 20 45 49 41 66 77 8 9 63 50 80 62",86,"uuid:b59f02b8-6a62-4f52-94fd-d88dc99cbc09/show_draws","uuid:b59f02b8-6a62-4f52-94fd-d88dc99cbc09/replace",,"uuid:b59f02b8-6a62-4f52-94fd-d88dc99cbc09",2016101819,"uuid:b59f02b8-6a62-4f52-94fd-d88dc99cbc09"
"Nov 14, 2016 9:43:36 PM","Nov 14, 2016 11:45:05 AM","Nov 14, 2016 3:15:42 PM",,62,94,94,409,"uuid:c2123c85-5cf9-46df-9d85-7c8963e9b153/random_draws","73 50 80 69 9 2 31 12 82 86 81 49 42 40 16 3 94 37 53 52 51 48 85 39 23 29 66 36 77 46 8 83 63 13 10 88 59 72 33 14 57 11 76 55 70 62 65 89 4 19 79 32 6 18 87 34 44 75 68 78 60 74 22 5 71 54 64 43 17 58 56 20 7 93 41 21 26 15 92 28 38 67 47 35 30 61 1 27 24 91 45 84 25 90",94,"uuid:c2123c85-5cf9-46df-9d85-7c8963e9b153/show_draws","uuid:c2123c85-5cf9-46df-9d85-7c8963e9b153/replace",,"uuid:c2123c85-5cf9-46df-9d85-7c8963e9b153",2016101819,"uuid:c2123c85-5cf9-46df-9d85-7c8963e9b153"
"Nov 14, 2016 9:45:46 PM","Nov 14, 2016 1:09:12 PM","Nov 14, 2016 5:11:55 PM",,32,131,131,542,"uuid:d1ca434c-d53d-4bad-bdf1-ccb8a2641c62/random_draws","56 97 6 109 29 75 119 47 73 23 80 106 24 66 74 30 113 19 93 27 85 65 14 115 94 50 82 25 104 84 129 68 59 125 20 121 90 124 13 117 43 126 96 57 87 83 38 3 89 33 52 67 69 18 123 116 86 39 60 36 28 101 77 131 99 107 12 100 120 127 122 21 35 64 46 108 4 70 71 48 81 61 78 34 130 8 88 51 76 32 49 79 45 128 103 16 40 2 112 10 53 37 58 31 5 41 118 54 44 72 114 22 9 7 92 95 63 98 17 1 11 105 102 15 55 91 110 111 42 62 26",131,"uuid:d1ca434c-d53d-4bad-bdf1-ccb8a2641c62/show_draws","uuid:d1ca434c-d53d-4bad-bdf1-ccb8a2641c62/replace",,"uuid:d1ca434c-d53d-4bad-bdf1-ccb8a2641c62",2016101819,"uuid:d1ca434c-d53d-4bad-bdf1-ccb8a2641c62"
"Nov 16, 2016 6:19:53 PM","Nov 16, 2016 10:46:49 AM","Nov 16, 2016 5:04:13 PM",,47,130,130,1001,"uuid:007b81fb-a51e-404f-be43-9dd0973bb021/random_draws","75 112 99 125 129 6 53 116 130 49 54 84 32 123 29 55 27 81 121 107 83 101 45 86 67 69 104 92 25 110 100 8 96 17 71 41 35 108 48 85 2 106 78 52 89 73 43 63 51 60 26 95 118 87 12 39 128 109 28 10 64 113 13 15 68 31 61 38 46 74 4 5 117 98 30 120 37 24 119 40 50 20 36 16 59 11 58 122 14 77 3 44 88 22 21 102 1 97 47 94 105 72 124 79 91 65 34 93 23 76 9 115 62 7 42 57 18 103 80 19 126 70 56 90 33 114 127 66 111",130,"uuid:007b81fb-a51e-404f-be43-9dd0973bb021/show_draws","uuid:007b81fb-a51e-404f-be43-9dd0973bb021/replace",,"uuid:007b81fb-a51e-404f-be43-9dd0973bb021",2016101819,"uuid:007b81fb-a51e-404f-be43-9dd0973bb021"
"Nov 16, 2016 6:20:43 PM","Nov 15, 2016 11:09:08 AM","Nov 15, 2016 5:21:06 PM",,40,73,73,364,"uuid:45dc1cca-d7a4-4289-b5c6-a06e97bff984/random_draws","53 4 36 11 10 47 31 58 22 41 1 63 25 64 20 23 21 43 48 3 68 56 59 30 46 13 9 12 72 55 51 35 7 39 38 71 61 62 16 73 6 40 18 60 27 50 32 8 14 28 15 37 33 24 52 2 70 5 65 57 29 66 34 67 26 45 49 17 69 54 42 19 44",73,"uuid:45dc1cca-d7a4-4289-b5c6-a06e97bff984/show_draws","uuid:45dc1cca-d7a4-4289-b5c6-a06e97bff984/replace",,"uuid:45dc1cca-d7a4-4289-b5c6-a06e97bff984",2016101819,"uuid:45dc1cca-d7a4-4289-b5c6-a06e97bff984"
"Nov 16, 2016 6:20:50 PM","Nov 16, 2016 11:02:06 AM","Nov 16, 2016 3:58:57 PM",,52,104,104,454,"uuid:a1d3779e-c565-49a1-b200-56e0939f8ef4/random_draws","63 52 90 58 69 27 29 39 13 60 11 81 55 82 64 10 72 24 7 4 68 47 14 70 102 97 100 20 74 36 103 51 48 50 88 28 79 62 5 41 91 22 25 1 75 80 46 78 73 87 12 35 77 42 92 43 59 98 23 86 30 93 19 37 89 56 21 67 40 85 95 61 101 94 104 65 2 15 99 44 84 17 54 6 96 83 34 32 53 3 18 49 26 66 57 8 16 33 9 71 76 45 31 38",104,"uuid:a1d3779e-c565-49a1-b200-56e0939f8ef4/show_draws","uuid:a1d3779e-c565-49a1-b200-56e0939f8ef4/replace",,"uuid:a1d3779e-c565-49a1-b200-56e0939f8ef4",2016101819,"uuid:a1d3779e-c565-49a1-b200-56e0939f8ef4"
"Nov 16, 2016 6:21:24 PM","Nov 15, 2016 11:18:46 AM","Nov 15, 2016 3:31:21 PM",,38,100,100,483,"uuid:b6877a6a-393c-4561-8f79-9b48f53b1ee0/random_draws","53 16 14 85 2 75 37 88 94 33 36 58 99 7 30 24 26 54 93 92 38 40 31 42 18 41 17 9 35 5 23 100 10 28 39 13 11 66 60 45 64 29 4 72 20 67 61 47 98 83 70 1 63 74 49 15 8 90 44 73 76 86 32 3 65 62 81 95 84 52 82 50 71 34 19 56 12 25 46 21 27 48 69 68 57 79 96 80 91 55 77 87 78 97 51 59 43 89 22 6",100,"uuid:b6877a6a-393c-4561-8f79-9b48f53b1ee0/show_draws","uuid:b6877a6a-393c-4561-8f79-9b48f53b1ee0/replace",,"uuid:b6877a6a-393c-4561-8f79-9b48f53b1ee0",2016101819,"uuid:b6877a6a-393c-4561-8f79-9b48f53b1ee0"
"Nov 16, 2016 6:29:39 PM","Nov 15, 2016 11:23:35 AM","Nov 15, 2016 6:36:59 PM",,39,97,97,569,"uuid:09fb28d6-ceb3-4724-9c85-7b78c9d7a414/random_draws","87 57 39 5 11 69 13 63 19 31 12 20 30 33 43 58 72 25 17 76 49 7 79 27 38 45 88 94 51 95 36 59 6 68 74 37 3 2 9 53 22 28 70 84 26 48 50 93 18 10 77 29 23 52 92 35 82 81 47 1 80 71 91 86 60 78 73 34 62 75 8 46 90 21 85 41 64 89 65 97 55 96 44 54 40 67 42 32 16 56 61 24 66 4 15 83 14",97,"uuid:09fb28d6-ceb3-4724-9c85-7b78c9d7a414/show_draws","uuid:09fb28d6-ceb3-4724-9c85-7b78c9d7a414/replace",,"uuid:09fb28d6-ceb3-4724-9c85-7b78c9d7a414",2016101819,"uuid:09fb28d6-ceb3-4724-9c85-7b78c9d7a414"
"Nov 16, 2016 6:29:46 PM","Nov 16, 2016 10:58:27 AM","Nov 16, 2016 6:23:37 PM",,34,143,143,1001,"uuid:54ae4ea0-2502-4b59-a809-2ea7685b1b63/random_draws","74 14 72 102 98 83 59 6 15 7 60 120 87 46 54 80 130 136 62 131 81 116 11 29 48 133 40 61 53 91 138 49 106 31 20 114 52 95 122 113 10 129 64 88 57 55 73 12 69 50 105 90 16 141 132 39 108 71 33 66 117 41 42 123 9 2 79 3 18 47 125 28 63 70 86 35 96 119 51 43 100 45 89 118 93 77 107 26 21 104 78 140 17 36 143 65 134 103 126 23 139 24 76 128 85 142 67 127 8 34 84 111 44 4 27 1 38 110 109 37 124 135 19 99 101 75 58 137 92 68 121 115 22 56 112 25 13 97 5 94 30 82",143,"uuid:54ae4ea0-2502-4b59-a809-2ea7685b1b63/show_draws","uuid:54ae4ea0-2502-4b59-a809-2ea7685b1b63/replace",,"uuid:54ae4ea0-2502-4b59-a809-2ea7685b1b63",2016101819,"uuid:54ae4ea0-2502-4b59-a809-2ea7685b1b63"
"Nov 17, 2016 7:25:16 PM","Nov 17, 2016 12:33:11 PM","Nov 17, 2016 5:12:18 PM",,37,87,87,439,"uuid:8d5a88e1-e82c-45aa-8048-208417193694/random_draws","68 62 70 8 26 40 29 33 15 79 2 64 9 85 35 12 3 23 58 20 69 44 63 86 37 22 36 78 19 61 14 72 28 30 1 11 56 76 4 31 21 10 81 52 42 41 49 51 66 60 24 75 39 57 43 25 45 54 13 82 17 83 87 34 48 38 16 71 32 74 5 46 73 77 80 84 55 59 53 67 47 50 18 27 6 7 65",87,"uuid:8d5a88e1-e82c-45aa-8048-208417193694/show_draws","uuid:8d5a88e1-e82c-45aa-8048-208417193694/replace",,"uuid:8d5a88e1-e82c-45aa-8048-208417193694",2016101819,"uuid:8d5a88e1-e82c-45aa-8048-208417193694"
"Nov 17, 2016 7:27:57 PM","Nov 17, 2016 11:26:20 AM","Nov 17, 2016 6:11:06 PM",,41,70,70,331,"uuid:e705f96f-6338-476e-ac2f-8e53e23b95e0/random_draws","21 25 4 29 63 33 5 6 18 35 52 43 69 49 65 3 38 16 11 70 32 36 56 28 51 15 45 12 20 23 30 8 59 64 40 13 1 48 66 54 61 31 17 42 62 27 55 39 10 50 60 53 9 34 46 37 44 68 22 2 19 58 24 7 47 41 57 67 14 26",70,"uuid:e705f96f-6338-476e-ac2f-8e53e23b95e0/show_draws","uuid:e705f96f-6338-476e-ac2f-8e53e23b95e0/replace",,"uuid:e705f96f-6338-476e-ac2f-8e53e23b95e0",2016101819,"uuid:e705f96f-6338-476e-ac2f-8e53e23b95e0"
"Nov 18, 2016 6:29:29 PM","Nov 18, 2016 11:21:00 AM","Nov 18, 2016 3:08:28 PM",,45,133,133,557,"uuid:0676c7eb-8e73-4815-943e-ed5a6a15068c/random_draws","73 79 27 38 104 125 122 42 61 76 88 87 48 123 23 25 49 94 26 34 35 107 102 81 75 44 39 7 69 119 114 4 16 56 98 53 43 20 105 65 30 115 18 101 91 58 59 57 41 6 21 116 67 37 17 100 83 120 55 46 112 121 24 113 124 12 110 108 106 8 52 11 50 117 60 5 127 103 77 131 19 45 99 2 129 72 63 118 111 33 92 22 95 80 70 71 9 10 64 90 84 66 130 14 78 40 85 93 68 32 126 47 97 82 28 74 51 133 15 109 89 13 29 54 86 62 31 96 36 1 132 3 128",133,"uuid:0676c7eb-8e73-4815-943e-ed5a6a15068c/show_draws","uuid:0676c7eb-8e73-4815-943e-ed5a6a15068c/replace",,"uuid:0676c7eb-8e73-4815-943e-ed5a6a15068c",2016101819,"uuid:0676c7eb-8e73-4815-943e-ed5a6a15068c"
"Nov 18, 2016 6:29:30 PM","Nov 18, 2016 12:22:28 PM","Nov 18, 2016 4:17:21 PM",,48,118,118,565,"uuid:02304f2a-48ef-470a-b05d-7d48ba6f2ebf/random_draws","32 104 102 52 110 35 106 96 74 3 75 108 39 66 16 73 84 98 46 100 47 28 51 90 78 12 42 9 93 82 53 81 76 64 4 33 59 50 10 11 71 40 116 31 18 62 24 61 60 111 13 107 20 67 89 118 26 19 44 29 105 54 77 87 79 25 7 45 72 34 68 43 114 27 15 55 101 113 57 17 85 83 112 2 8 58 41 88 80 63 38 37 95 23 70 14 30 65 5 21 49 36 117 109 69 115 92 22 86 91 1 94 6 97 103 56 48 99",118,"uuid:02304f2a-48ef-470a-b05d-7d48ba6f2ebf/show_draws","uuid:02304f2a-48ef-470a-b05d-7d48ba6f2ebf/replace",,"uuid:02304f2a-48ef-470a-b05d-7d48ba6f2ebf",2016101819,"uuid:02304f2a-48ef-470a-b05d-7d48ba6f2ebf"
"Nov 18, 2016 6:31:55 PM","Nov 18, 2016 12:04:00 PM","Nov 18, 2016 4:30:51 PM",,46,68,68,221,"uuid:0aea5229-360a-42ee-b1e8-6fddc6baabc4/random_draws","59 25 7 43 57 37 66 48 21 8 27 67 23 49 36 34 68 5 30 65 62 26 22 31 58 63 52 13 51 10 16 50 6 33 47 29 4 3 60 1 35 46 32 64 14 56 41 9 45 11 38 24 39 61 40 55 15 20 17 44 28 18 42 19 54 12 2 53",68,"uuid:0aea5229-360a-42ee-b1e8-6fddc6baabc4/show_draws","uuid:0aea5229-360a-42ee-b1e8-6fddc6baabc4/replace",,"uuid:0aea5229-360a-42ee-b1e8-6fddc6baabc4",2016101819,"uuid:0aea5229-360a-42ee-b1e8-6fddc6baabc4"
"Nov 21, 2016 7:35:59 PM","Nov 21, 2016 1:20:43 PM","Nov 21, 2016 4:23:54 PM",,7,105,105,338,"uuid:20fed2ab-ac78-468f-bfe1-ce691b949130/random_draws","18 21 2 5 53 14 58 62 13 48 8 66 74 27 9 57 47 30 59 86 51 20 33 36 88 32 76 60 26 29 71 15 16 4 37 17 69 31 81 100 28 80 24 52 92 46 34 56 94 65 67 98 49 3 54 64 85 35 10 90 45 96 79 97 91 93 101 38 102 6 43 7 19 73 55 87 75 70 12 40 68 99 82 84 41 63 44 72 25 50 89 23 78 42 104 22 105 77 39 83 61 103 11 1 95",105,"uuid:20fed2ab-ac78-468f-bfe1-ce691b949130/show_draws","uuid:20fed2ab-ac78-468f-bfe1-ce691b949130/replace",,"uuid:20fed2ab-ac78-468f-bfe1-ce691b949130",2016101819,"uuid:20fed2ab-ac78-468f-bfe1-ce691b949130"
"Nov 21, 2016 7:51:33 PM","Nov 21, 2016 11:33:56 AM","Nov 21, 2016 6:24:56 PM",,11,153,153,737,"uuid:796e1d3e-2fd0-4acb-b56e-648865a21374/random_draws","67 33 41 119 11 142 18 63 37 109 31 22 149 82 28 36 26 92 4 115 151 120 90 139 88 54 61 78 68 130 74 27 129 83 97 44 5 25 55 21 132 35 144 70 65 80 58 108 122 100 42 116 102 2 93 16 107 10 39 81 23 75 138 112 87 38 79 76 98 9 110 30 141 101 43 34 113 48 136 3 13 143 106 84 52 64 125 128 152 150 8 24 29 59 57 95 1 47 49 146 72 99 114 7 127 124 104 17 86 66 96 126 137 60 32 46 105 69 117 73 45 94 40 145 135 12 53 19 153 77 123 140 20 85 118 51 121 133 111 6 62 148 91 14 134 147 15 50 56 71 89 103 131",153,"uuid:796e1d3e-2fd0-4acb-b56e-648865a21374/show_draws","uuid:796e1d3e-2fd0-4acb-b56e-648865a21374/replace",,"uuid:796e1d3e-2fd0-4acb-b56e-648865a21374",2016101819,"uuid:796e1d3e-2fd0-4acb-b56e-648865a21374"
"Nov 21, 2016 8:15:56 PM","Nov 21, 2016 12:31:15 PM","Nov 21, 2016 6:01:28 PM",,22,80,80,510,"uuid:3bfded9e-27d4-4aff-a0b4-54930dd1fee4/random_draws","43 67 59 27 45 10 37 31 63 74 29 38 68 51 49 17 13 77 35 5 6 69 19 71 76 55 42 28 7 33 12 34 41 73 9 30 80 32 11 22 1 66 52 64 78 16 14 79 26 2 15 21 20 58 25 56 46 36 65 54 75 18 60 62 3 53 70 47 4 24 8 72 61 39 50 48 23 40 57 44",80,"uuid:3bfded9e-27d4-4aff-a0b4-54930dd1fee4/show_draws","uuid:3bfded9e-27d4-4aff-a0b4-54930dd1fee4/replace",,"uuid:3bfded9e-27d4-4aff-a0b4-54930dd1fee4",2016101819,"uuid:3bfded9e-27d4-4aff-a0b4-54930dd1fee4"
"Nov 22, 2016 5:54:54 PM","Nov 22, 2016 11:50:14 AM","Nov 22, 2016 4:39:55 PM",,2,168,168,1001,"uuid:d91654da-3dbc-4a34-96a1-56f0205633fd/random_draws","21 130 50 63 138 77 116 32 118 59 134 8 123 26 37 88 164 15 47 65 109 5 16 51 27 69 78 126 18 139 49 53 14 84 6 31 48 2 73 28 9 71 114 97 80 85 135 45 168 147 153 76 55 58 36 23 13 35 121 7 99 46 64 38 161 150 94 115 90 4 120 22 101 107 60 19 34 125 124 166 148 54 74 87 146 20 39 129 111 1 12 163 155 62 128 86 145 33 113 137 152 143 103 133 79 131 82 83 42 29 156 92 159 67 89 160 117 162 112 57 136 93 61 24 70 167 165 52 10 17 149 140 127 68 102 104 100 44 119 3 43 122 40 30 41 141 81 98 96 105 158 154 151 66 56 72 108 144 132 142 95 91 11 106 75 157 25",168,"uuid:d91654da-3dbc-4a34-96a1-56f0205633fd/show_draws","uuid:d91654da-3dbc-4a34-96a1-56f0205633fd/replace",,"uuid:d91654da-3dbc-4a34-96a1-56f0205633fd",2016101819,"uuid:d91654da-3dbc-4a34-96a1-56f0205633fd"
"Nov 22, 2016 6:26:14 PM","Nov 22, 2016 11:48:17 AM","Nov 22, 2016 5:58:30 PM",,6,98,98,475,"uuid:92e56526-8f2c-489d-8052-db629c323518/random_draws","3 46 84 87 83 42 60 68 10 45 31 58 65 40 88 71 26 11 39 4 55 97 43 16 73 50 49 21 98 8 89 93 69 62 63 82 86 66 77 19 9 30 80 28 96 52 32 53 90 18 20 27 67 94 85 34 72 2 5 64 29 76 41 35 13 22 33 47 70 79 37 54 23 14 17 1 36 7 12 92 6 59 24 15 44 78 81 95 25 74 56 91 61 75 48 38 51 57",98,"uuid:92e56526-8f2c-489d-8052-db629c323518/show_draws","uuid:92e56526-8f2c-489d-8052-db629c323518/replace",,"uuid:92e56526-8f2c-489d-8052-db629c323518",2016101819,"uuid:92e56526-8f2c-489d-8052-db629c323518"
"Nov 22, 2016 8:39:56 PM","Nov 22, 2016 1:08:33 PM","Nov 22, 2016 6:29:44 PM",,9,147,147,875,"uuid:c024b86d-3f20-4f5f-a3f3-d13dca20c716/random_draws","99 37 129 84 25 87 15 78 131 50 7 12 57 67 106 48 27 22 110 10 6 117 100 4 26 20 116 92 105 133 135 62 53 13 36 61 111 139 103 55 69 2 54 40 35 142 58 79 127 143 64 68 8 23 74 113 28 94 76 59 119 137 101 128 56 147 17 134 86 114 75 104 21 95 81 52 90 18 93 3 51 107 71 39 126 30 72 1 122 146 5 46 44 73 145 47 96 97 121 141 112 43 91 66 89 140 124 33 80 70 19 49 77 31 63 42 108 41 65 9 120 138 60 32 83 16 115 125 45 118 98 102 136 85 24 123 88 14 34 11 82 29 38 132 144 130 109",147,"uuid:c024b86d-3f20-4f5f-a3f3-d13dca20c716/show_draws","uuid:c024b86d-3f20-4f5f-a3f3-d13dca20c716/replace",,"uuid:c024b86d-3f20-4f5f-a3f3-d13dca20c716",2016101819,"uuid:c024b86d-3f20-4f5f-a3f3-d13dca20c716"
"Nov 23, 2016 7:53:44 PM","Nov 23, 2016 11:33:04 AM","Nov 23, 2016 7:28:49 PM",,3,111,111,452,"uuid:5230612b-7a51-41a4-ad8d-774e0fc63fc0/random_draws","53 85 16 60 100 18 28 52 1 98 10 25 104 48 49 110 44 75 105 111 80 11 81 24 54 59 88 99 95 57 73 62 66 58 65 40 74 102 47 90 32 8 64 29 92 3 31 108 6 14 2 41 19 91 37 13 12 27 33 34 42 78 87 26 76 89 20 94 69 103 56 55 7 71 68 46 39 50 67 17 93 4 107 21 43 83 63 97 79 35 77 96 61 22 86 109 82 23 5 84 9 70 72 15 30 101 51 38 45 106 36",111,"uuid:5230612b-7a51-41a4-ad8d-774e0fc63fc0/show_draws","uuid:5230612b-7a51-41a4-ad8d-774e0fc63fc0/replace",,"uuid:5230612b-7a51-41a4-ad8d-774e0fc63fc0",2016101819,"uuid:5230612b-7a51-41a4-ad8d-774e0fc63fc0"
"Nov 23, 2016 8:04:55 PM","Nov 23, 2016 1:53:37 PM","Nov 23, 2016 5:56:25 PM",,14,87,87,295,"uuid:742dc966-34b6-4cd2-baef-fdaa3329c9af/random_draws","30 31 7 58 13 33 12 72 70 21 6 9 80 84 41 32 82 59 23 81 65 8 3 18 37 2 1 52 4 40 69 44 68 60 54 24 86 73 51 85 67 83 56 22 42 38 78 66 27 35 61 36 29 20 14 71 19 43 62 55 11 45 25 34 57 17 28 74 5 53 50 63 47 77 16 49 79 64 48 76 10 26 15 39 46 87 75",87,"uuid:742dc966-34b6-4cd2-baef-fdaa3329c9af/show_draws","uuid:742dc966-34b6-4cd2-baef-fdaa3329c9af/replace",,"uuid:742dc966-34b6-4cd2-baef-fdaa3329c9af",2016101819,"uuid:742dc966-34b6-4cd2-baef-fdaa3329c9af"
"Nov 23, 2016 8:46:13 PM","Nov 23, 2016 1:14:42 PM","Nov 23, 2016 6:15:12 PM",,4,127,127,585,"uuid:4d85de63-86c9-4f77-89c2-c7290ea94fb8/random_draws","126 22 17 18 123 29 99 52 6 109 85 3 90 80 75 106 108 20 49 25 77 115 84 81 101 11 98 121 95 16 79 62 67 94 36 57 44 33 14 83 100 34 38 70 5 23 118 46 8 35 37 112 15 30 10 53 56 107 47 42 104 60 89 122 65 51 45 69 21 78 114 71 63 13 82 24 87 68 40 54 105 1 97 93 58 86 12 103 26 119 88 76 32 113 91 2 73 61 50 125 9 92 102 116 110 111 7 124 48 117 120 41 27 31 64 55 43 4 59 72 74 66 127 96 28 19 39",127,"uuid:4d85de63-86c9-4f77-89c2-c7290ea94fb8/show_draws","uuid:4d85de63-86c9-4f77-89c2-c7290ea94fb8/replace",,"uuid:4d85de63-86c9-4f77-89c2-c7290ea94fb8",2016101819,"uuid:4d85de63-86c9-4f77-89c2-c7290ea94fb8"
"Nov 24, 2016 7:11:43 PM","Nov 24, 2016 1:06:47 PM","Nov 24, 2016 5:11:53 PM",,12,111,111,586,"uuid:52f9f4fb-679c-40d5-9112-0f45a54a45e2/random_draws","32 22 84 34 2 64 69 88 72 103 77 99 94 9 46 102 39 101 97 8 47 59 45 41 56 91 76 55 62 10 26 42 24 78 36 16 15 92 86 60 43 31 111 53 1 19 73 44 28 12 27 65 93 79 48 70 71 89 74 81 68 4 58 40 85 37 30 57 49 82 108 6 66 63 20 54 50 51 7 109 29 75 21 17 105 23 98 11 52 107 87 80 110 83 96 90 38 67 100 106 61 104 35 95 5 13 33 18 25 14 3",111,"uuid:52f9f4fb-679c-40d5-9112-0f45a54a45e2/show_draws","uuid:52f9f4fb-679c-40d5-9112-0f45a54a45e2/replace",,"uuid:52f9f4fb-679c-40d5-9112-0f45a54a45e2",2016101819,"uuid:52f9f4fb-679c-40d5-9112-0f45a54a45e2"
"Nov 24, 2016 7:14:29 PM","Nov 24, 2016 1:49:16 PM","Nov 24, 2016 5:38:53 PM",,1,163,163,698,"uuid:7edf0281-84fe-4154-a5cd-9131e38a3909/random_draws","68 76 13 161 40 82 146 50 99 112 95 148 56 153 37 92 91 143 120 119 80 48 85 35 53 131 127 133 125 139 74 90 67 111 73 77 150 39 42 135 106 7 23 142 98 115 152 62 25 49 38 29 24 159 16 158 105 30 157 155 19 71 64 107 14 121 66 28 118 36 26 10 47 52 145 109 2 89 84 147 12 138 31 11 15 141 140 122 61 78 54 72 163 79 21 102 154 130 86 113 46 9 126 27 93 83 18 58 97 136 110 75 144 33 87 22 4 103 149 45 70 116 55 63 17 124 81 132 123 108 34 69 8 1 114 57 20 88 156 96 117 32 5 100 51 101 129 160 41 94 60 162 44 65 134 137 104 6 43 3 151 59 128",163,"uuid:7edf0281-84fe-4154-a5cd-9131e38a3909/show_draws","uuid:7edf0281-84fe-4154-a5cd-9131e38a3909/replace",,"uuid:7edf0281-84fe-4154-a5cd-9131e38a3909",2016101819,"uuid:7edf0281-84fe-4154-a5cd-9131e38a3909"
"Nov 24, 2016 7:56:25 PM","Nov 24, 2016 1:24:40 PM","Nov 24, 2016 5:31:46 PM",,13,127,127,614,"uuid:25ee36a4-3e13-4338-8527-8474e252ebf0/random_draws","28 83 114 63 42 60 124 67 82 116 107 57 113 62 79 121 33 41 99 94 40 75 115 91 14 98 31 96 53 49 95 22 118 101 7 71 122 70 18 39 36 123 20 106 120 88 59 44 103 109 30 64 125 104 46 2 117 4 52 50 105 37 26 38 111 54 19 87 11 10 102 92 73 32 8 58 61 43 55 34 17 51 100 16 97 6 112 23 89 90 68 47 108 15 85 1 77 25 69 48 86 12 76 66 126 24 5 93 72 80 21 29 119 35 127 65 45 78 27 74 13 56 110 84 3 9 81",127,"uuid:25ee36a4-3e13-4338-8527-8474e252ebf0/show_draws","uuid:25ee36a4-3e13-4338-8527-8474e252ebf0/replace",,"uuid:25ee36a4-3e13-4338-8527-8474e252ebf0",2016101819,"uuid:25ee36a4-3e13-4338-8527-8474e252ebf0"
"Nov 25, 2016 7:12:27 PM","Nov 25, 2016 2:05:08 PM","Nov 25, 2016 4:57:36 PM",,28,216,216,1001,"uuid:8f695f15-cbef-4668-83ca-a23af7d8cf02/random_draws","135 130 94 190 157 50 206 158 216 169 153 171 126 112 86 210 204 96 214 195 31 152 76 84 189 56 42 83 160 134 194 44 69 73 122 1 81 148 212 178 91 23 54 150 99 102 58 124 117 106 35 183 11 181 136 68 154 111 45 53 182 41 105 78 33 187 146 185 85 19 20 88 29 77 132 115 175 161 74 72 98 177 138 39 47 14 17 6 8 9 89 26 93 159 113 163 18 46 127 109 201 151 75 207 51 32 131 155 215 137 37 87 114 62 52 144 80 103 61 147 92 36 30 141 143 188 21 59 166 172 34 129 167 27 16 67 202 145 65 128 57 119 100 82 180 70 90 108 168 15 120 95 133 197 121 139 101 184 123 142 28 176 116 186 192 104 22 13 208 203 110 2 10 198 66 164 38 205 107 156 173 174 118 5 40 48 199 209 12 196 49 162 149 24 63 60 4 213 211 43 7 125 97 170 71 193 64 191 55 179 79 140 200 25 3",216,"uuid:8f695f15-cbef-4668-83ca-a23af7d8cf02/show_draws","uuid:8f695f15-cbef-4668-83ca-a23af7d8cf02/replace",,"uuid:8f695f15-cbef-4668-83ca-a23af7d8cf02",2016101819,"uuid:8f695f15-cbef-4668-83ca-a23af7d8cf02"
"Nov 25, 2016 7:47:09 PM","Nov 25, 2016 1:03:38 PM","Nov 25, 2016 5:54:30 PM",,10,115,115,702,"uuid:da67fc37-bcab-4e61-8090-237c2bb41fd6/random_draws","33 106 17 21 74 72 83 89 34 65 52 62 45 60 9 23 93 102 26 109 56 76 1 27 61 97 73 42 6 86 18 15 94 36 55 19 64 79 99 84 14 46 105 41 85 82 31 103 47 20 115 7 100 67 58 50 101 16 95 12 10 98 75 112 25 57 77 37 39 8 54 66 11 90 92 110 2 32 38 71 68 35 48 13 108 29 96 111 114 87 91 43 104 88 51 63 44 5 69 80 40 22 28 59 30 24 113 49 107 78 70 81 53 4 3",115,"uuid:da67fc37-bcab-4e61-8090-237c2bb41fd6/show_draws","uuid:da67fc37-bcab-4e61-8090-237c2bb41fd6/replace",,"uuid:da67fc37-bcab-4e61-8090-237c2bb41fd6",2016101819,"uuid:da67fc37-bcab-4e61-8090-237c2bb41fd6"
"Nov 25, 2016 8:18:23 PM","Nov 25, 2016 1:36:47 PM","Nov 25, 2016 7:41:44 PM",,8,123,123,501,"uuid:807cbb29-d4fd-48c3-8dbc-b17943d4a670/random_draws","57 50 28 79 4 97 34 40 12 96 8 65 47 76 55 36 105 73 63 103 21 58 64 11 113 26 104 19 71 72 9 38 3 108 25 54 99 35 56 121 13 52 118 18 101 24 46 6 5 75 90 14 10 84 83 37 112 49 106 91 51 53 86 88 119 98 7 122 115 67 15 39 109 61 62 111 30 85 107 78 1 114 82 89 45 41 48 23 94 27 69 117 68 42 116 43 20 87 44 31 2 17 74 110 59 70 120 95 93 66 92 81 22 32 16 123 60 77 33 29 80 102 100",123,"uuid:807cbb29-d4fd-48c3-8dbc-b17943d4a670/show_draws","uuid:807cbb29-d4fd-48c3-8dbc-b17943d4a670/replace",,"uuid:807cbb29-d4fd-48c3-8dbc-b17943d4a670",2016101819,"uuid:807cbb29-d4fd-48c3-8dbc-b17943d4a670"
"Nov 26, 2016 7:25:24 PM","Nov 26, 2016 12:38:31 PM","Nov 26, 2016 5:30:27 PM",,26,88,88,555,"uuid:d6b89254-a3a1-42fa-8286-42bd050d02c8/random_draws","6 30 50 60 70 68 21 37 87 38 11 23 2 16 85 55 28 17 80 42 1 8 27 41 24 66 31 4 74 7 58 40 18 19 26 36 64 83 43 84 63 65 33 73 59 86 46 88 81 20 10 25 53 76 54 9 82 48 29 39 44 47 14 75 51 62 56 79 35 69 52 49 61 67 45 13 32 34 71 72 22 3 57 77 78 12 5 15",88,"uuid:d6b89254-a3a1-42fa-8286-42bd050d02c8/show_draws","uuid:d6b89254-a3a1-42fa-8286-42bd050d02c8/replace",,"uuid:d6b89254-a3a1-42fa-8286-42bd050d02c8",2016101819,"uuid:d6b89254-a3a1-42fa-8286-42bd050d02c8"
"Nov 26, 2016 7:25:48 PM","Nov 26, 2016 2:36:55 PM","Nov 26, 2016 4:40:43 PM",,25,160,160,709,"uuid:ddbc7845-3d2e-44ee-a057-a2036e500c26/random_draws","122 78 150 140 30 133 16 118 24 84 131 3 128 54 95 55 136 139 57 5 94 134 153 6 151 125 13 14 59 85 113 12 63 103 40 58 42 116 36 90 77 53 17 112 43 31 87 98 142 135 44 141 37 66 7 100 120 49 9 27 62 155 146 56 152 107 129 160 11 117 8 159 108 71 75 104 132 28 34 97 145 4 2 111 61 147 74 79 29 68 82 21 101 86 25 65 91 46 130 96 127 121 148 73 15 138 18 10 51 23 39 119 83 20 149 19 64 106 60 154 70 126 109 137 48 157 88 124 93 156 50 92 26 114 76 72 52 33 89 69 158 105 99 32 123 110 81 80 47 22 144 38 67 143 102 35 41 115 1 45",160,"uuid:ddbc7845-3d2e-44ee-a057-a2036e500c26/show_draws","uuid:ddbc7845-3d2e-44ee-a057-a2036e500c26/replace",,"uuid:ddbc7845-3d2e-44ee-a057-a2036e500c26",2016101819,"uuid:ddbc7845-3d2e-44ee-a057-a2036e500c26"
"Nov 26, 2016 7:33:16 PM","Nov 26, 2016 1:27:46 PM","Nov 26, 2016 4:39:13 PM",,29,114,114,747,"uuid:7c0223be-2b02-4e53-a9c6-9c039057cb53/random_draws","47 7 43 99 67 85 64 90 35 19 25 109 105 36 98 57 2 55 93 33 92 68 24 97 58 69 91 104 66 76 16 75 113 29 39 22 82 41 111 3 62 9 74 88 11 50 49 13 4 73 83 70 86 28 52 72 101 8 6 60 18 96 37 89 77 10 26 110 20 30 40 84 44 87 102 114 12 94 46 21 42 107 95 38 51 5 79 103 112 27 14 54 61 1 100 65 53 32 23 31 81 80 34 15 78 56 48 106 108 45 59 71 63 17",114,"uuid:7c0223be-2b02-4e53-a9c6-9c039057cb53/show_draws","uuid:7c0223be-2b02-4e53-a9c6-9c039057cb53/replace",,"uuid:7c0223be-2b02-4e53-a9c6-9c039057cb53",2016101819,"uuid:7c0223be-2b02-4e53-a9c6-9c039057cb53"
"Nov 28, 2016 6:31:51 PM","Nov 28, 2016 11:51:54 AM","Nov 28, 2016 4:52:41 PM",,19,157,157,766,"uuid:3b03aacf-dec3-49ee-8221-c19be9047807/random_draws","84 81 23 127 151 21 9 73 54 46 130 148 111 16 103 135 74 35 41 133 24 20 96 100 145 43 6 18 114 59 39 144 120 45 37 129 4 75 157 67 55 149 122 15 12 128 153 152 40 69 119 52 5 154 78 155 146 1 123 90 32 72 95 147 57 51 58 139 79 8 10 28 113 63 48 102 86 3 38 136 29 116 126 82 143 141 93 17 131 19 105 99 44 132 27 101 118 137 70 33 156 88 124 108 47 36 104 117 49 109 2 53 76 22 71 94 30 64 110 66 112 121 60 14 62 85 91 142 56 11 138 68 89 34 125 92 50 61 106 140 150 25 13 80 7 31 77 83 26 115 98 107 65 97 134 87 42",157,"uuid:3b03aacf-dec3-49ee-8221-c19be9047807/show_draws","uuid:3b03aacf-dec3-49ee-8221-c19be9047807/replace",,"uuid:3b03aacf-dec3-49ee-8221-c19be9047807",2016101819,"uuid:3b03aacf-dec3-49ee-8221-c19be9047807"
"Nov 28, 2016 6:51:33 PM","Nov 28, 2016 11:42:41 AM","Nov 28, 2016 5:26:23 PM",,21,142,142,616,"uuid:2d082af8-d162-4bbe-bdf4-ed4510cfa8e4/random_draws","82 103 21 117 53 28 27 65 19 92 60 113 91 100 106 87 6 122 139 47 124 75 90 45 86 31 131 93 3 8 85 110 73 1 112 121 76 51 132 81 126 32 83 34 36 57 38 52 40 16 123 17 135 89 56 107 134 10 102 20 74 101 138 46 35 97 136 95 109 80 108 98 5 70 119 12 116 79 33 49 15 129 41 23 26 88 18 141 64 54 94 62 55 39 105 11 50 111 68 137 114 63 99 130 78 66 30 48 127 9 37 115 24 58 44 140 2 71 29 59 25 133 43 104 84 96 61 4 22 128 67 120 13 118 142 72 77 125 7 69 42 14",142,"uuid:2d082af8-d162-4bbe-bdf4-ed4510cfa8e4/show_draws","uuid:2d082af8-d162-4bbe-bdf4-ed4510cfa8e4/replace",,"uuid:2d082af8-d162-4bbe-bdf4-ed4510cfa8e4",2016101819,"uuid:2d082af8-d162-4bbe-bdf4-ed4510cfa8e4"
"Nov 29, 2016 7:26:10 PM","Nov 29, 2016 12:35:34 PM","Nov 29, 2016 3:44:00 PM",,23,134,134,644,"uuid:c7ff71c9-f167-4635-bad6-e276381242b8/random_draws","42 84 23 125 68 41 81 93 70 3 32 133 71 22 78 64 5 101 115 104 126 82 119 2 92 85 59 96 97 88 1 33 69 105 91 28 122 130 99 131 43 63 20 95 62 110 98 116 56 72 80 30 67 121 7 111 90 9 54 37 18 60 134 4 10 39 38 15 102 19 50 45 47 103 117 13 118 16 21 48 26 61 120 107 114 94 6 132 34 87 8 40 106 27 83 14 29 74 44 52 75 123 31 128 24 17 35 73 127 79 25 86 11 49 57 53 12 108 66 109 58 36 51 100 113 129 112 65 124 89 55 76 46 77",134,"uuid:c7ff71c9-f167-4635-bad6-e276381242b8/show_draws","uuid:c7ff71c9-f167-4635-bad6-e276381242b8/replace",,"uuid:c7ff71c9-f167-4635-bad6-e276381242b8",2016101819,"uuid:c7ff71c9-f167-4635-bad6-e276381242b8"
"Nov 29, 2016 7:31:48 PM","Nov 29, 2016 11:51:20 AM","Nov 29, 2016 4:56:59 PM",,27,119,119,610,"uuid:a6493625-fbe7-41f6-a419-a342d7f89044/random_draws","106 91 115 114 25 40 12 20 113 96 58 108 1 3 55 7 57 73 44 27 39 30 6 53 43 70 41 46 72 84 105 19 82 32 60 64 107 17 78 66 85 90 100 35 42 56 8 83 110 51 97 93 69 11 48 80 49 59 79 28 21 63 52 22 68 86 92 77 101 24 116 111 54 37 74 5 119 65 50 94 71 18 15 67 98 38 10 102 23 87 88 26 62 118 4 61 34 95 81 14 45 36 16 75 99 112 29 47 109 104 76 9 33 13 89 117 31 2 103",119,"uuid:a6493625-fbe7-41f6-a419-a342d7f89044/show_draws","uuid:a6493625-fbe7-41f6-a419-a342d7f89044/replace",,"uuid:a6493625-fbe7-41f6-a419-a342d7f89044",2016101819,"uuid:a6493625-fbe7-41f6-a419-a342d7f89044"
"Nov 29, 2016 8:42:09 PM","Nov 29, 2016 4:52:37 PM","Nov 30, 2016 6:31:23 PM",,30,150,150,694,"uuid:ff1c356c-1f14-4622-acc4-a838f4764369/random_draws","9 44 90 82 98 51 47 121 106 139 52 95 74 42 63 124 148 131 48 13 104 64 102 41 113 30 72 73 20 40 87 93 88 115 108 50 43 117 146 112 137 101 67 59 4 110 19 118 144 143 23 28 147 85 128 84 83 26 100 140 89 7 120 76 36 138 111 18 14 3 34 56 149 2 33 61 141 8 25 54 77 97 12 21 27 78 22 6 91 58 68 81 122 126 16 129 134 24 127 99 49 116 136 35 37 71 62 46 11 66 132 119 1 79 86 145 142 17 130 57 123 15 69 53 60 94 38 29 105 103 32 96 107 92 10 65 135 31 39 55 75 114 80 109 150 70 45 125 133 5",150,"uuid:ff1c356c-1f14-4622-acc4-a838f4764369/show_draws","uuid:ff1c356c-1f14-4622-acc4-a838f4764369/replace",,"uuid:ff1c356c-1f14-4622-acc4-a838f4764369",2016101819,"uuid:ff1c356c-1f14-4622-acc4-a838f4764369"
"Nov 30, 2016 6:56:28 PM","Nov 30, 2016 1:12:52 PM","Nov 30, 2016 4:31:01 PM",,18,128,128,691,"uuid:341d4622-52d3-4e98-98ae-cbf0862de5a4/random_draws","5 116 23 56 85 73 123 21 70 88 96 45 106 11 9 40 39 52 24 93 99 104 80 44 12 1 126 66 60 26 33 100 86 30 3 78 4 77 95 83 62 89 32 119 120 2 125 102 14 19 74 34 127 118 31 111 79 6 36 18 65 51 128 53 107 81 49 10 48 17 59 35 42 82 16 121 13 20 61 72 115 47 94 37 109 113 29 108 92 7 71 84 105 8 38 15 103 117 22 75 90 114 25 69 124 68 122 54 43 87 63 41 91 50 57 27 55 98 97 67 110 46 64 58 101 28 112 76",128,"uuid:341d4622-52d3-4e98-98ae-cbf0862de5a4/show_draws","uuid:341d4622-52d3-4e98-98ae-cbf0862de5a4/replace",,"uuid:341d4622-52d3-4e98-98ae-cbf0862de5a4",2016101819,"uuid:341d4622-52d3-4e98-98ae-cbf0862de5a4"
"Nov 30, 2016 7:59:03 PM","Nov 30, 2016 12:59:33 PM","Nov 30, 2016 6:33:55 PM",,20,111,111,510,"uuid:715cb8ac-f5f7-423c-893c-f4b3c7dc4f83/random_draws","58 22 61 64 102 75 17 52 87 31 84 49 77 92 44 3 25 51 104 50 42 59 4 90 79 82 103 74 68 65 13 69 89 33 21 94 8 36 108 88 76 78 56 67 11 35 46 10 18 32 97 54 47 28 24 95 106 27 71 63 110 14 83 41 12 20 96 53 72 62 91 34 40 105 38 93 26 60 100 37 85 55 81 15 73 6 66 5 101 29 80 19 57 23 107 16 9 45 39 30 7 2 99 43 48 98 86 111 70 1 109",111,"uuid:715cb8ac-f5f7-423c-893c-f4b3c7dc4f83/show_draws","uuid:715cb8ac-f5f7-423c-893c-f4b3c7dc4f83/replace",,"uuid:715cb8ac-f5f7-423c-893c-f4b3c7dc4f83",2016101819,"uuid:715cb8ac-f5f7-423c-893c-f4b3c7dc4f83"
"Nov 30, 2016 8:12:38 PM","Nov 30, 2016 12:41:25 PM","Nov 30, 2016 6:47:22 PM",,42,76,76,465,"uuid:c791b94a-4e1d-4399-b639-6b9753c6a863/random_draws","26 22 27 33 23 2 63 57 9 6 71 67 15 3 68 58 28 4 29 38 70 17 31 50 48 25 61 46 12 55 44 75 7 73 42 53 41 14 40 32 52 1 49 39 69 60 65 72 54 43 45 62 56 19 10 34 16 5 74 11 59 47 8 20 21 24 76 13 18 30 37 64 35 36 66 51",76,"uuid:c791b94a-4e1d-4399-b639-6b9753c6a863/show_draws","uuid:c791b94a-4e1d-4399-b639-6b9753c6a863/replace",,"uuid:c791b94a-4e1d-4399-b639-6b9753c6a863",2016101819,"uuid:c791b94a-4e1d-4399-b639-6b9753c6a863"
"Dec 1, 2016 7:06:02 PM","Dec 1, 2016 2:00:22 PM","Dec 1, 2016 6:59:10 PM",,17,175,175,806,"uuid:f5fa3f19-7327-491e-88e4-53d2f3caf505/random_draws","36 144 155 71 29 82 4 105 22 94 85 116 174 91 5 11 100 52 31 87 114 125 168 93 10 173 159 161 64 103 109 172 43 23 101 33 170 130 75 150 57 111 164 59 35 37 8 1 84 104 97 44 47 18 3 86 123 145 151 137 26 122 95 158 27 53 68 149 136 135 153 106 81 139 41 90 166 13 7 117 24 119 78 129 115 49 25 12 140 72 124 154 6 171 74 134 62 143 39 146 132 42 163 67 2 56 162 102 138 45 128 48 32 38 142 28 15 121 51 165 79 58 83 9 66 16 60 61 169 54 126 63 34 148 21 14 131 73 80 167 17 46 88 77 19 160 133 76 156 99 92 55 120 96 127 175 70 20 118 89 112 98 50 65 152 69 113 147 141 30 107 108 110 40 157",175,"uuid:f5fa3f19-7327-491e-88e4-53d2f3caf505/show_draws","uuid:f5fa3f19-7327-491e-88e4-53d2f3caf505/replace",,"uuid:f5fa3f19-7327-491e-88e4-53d2f3caf505",2016101819,"uuid:f5fa3f19-7327-491e-88e4-53d2f3caf505"
"Dec 1, 2016 7:30:07 PM","Dec 1, 2016 11:58:36 AM","Dec 1, 2016 6:55:07 PM",,31,111,111,942,"uuid:1e499919-1d0f-4e27-bd18-4662339c75a7/random_draws","108 67 53 23 63 1 97 106 3 82 19 81 65 72 42 4 93 41 70 44 29 73 51 6 11 80 86 56 62 16 75 47 64 28 88 99 69 48 39 17 8 85 12 84 33 110 59 101 22 98 27 111 74 10 104 46 24 2 91 36 66 40 60 89 90 26 18 55 107 50 54 95 105 9 77 79 49 31 87 100 43 5 25 94 52 96 37 103 13 34 102 35 58 109 71 15 32 7 20 21 57 92 45 38 83 68 14 76 78 61 30",111,"uuid:1e499919-1d0f-4e27-bd18-4662339c75a7/show_draws","uuid:1e499919-1d0f-4e27-bd18-4662339c75a7/replace",,"uuid:1e499919-1d0f-4e27-bd18-4662339c75a7",2016101819,"uuid:1e499919-1d0f-4e27-bd18-4662339c75a7"
"Dec 1, 2016 8:35:52 PM","Dec 1, 2016 1:00:01 PM","Dec 1, 2016 6:51:48 PM",,16,72,72,282,"uuid:1502e74f-fbd9-4428-b63b-8caf6dbb4305/random_draws","26 70 65 7 18 68 35 60 8 20 31 44 23 10 47 11 45 4 61 9 37 53 3 48 2 6 40 59 39 57 28 21 50 13 51 49 64 34 27 66 63 71 55 24 33 17 41 1 42 5 14 29 12 22 58 19 43 38 15 36 72 32 69 16 62 52 67 46 25 30 54 56",72,"uuid:1502e74f-fbd9-4428-b63b-8caf6dbb4305/show_draws","uuid:1502e74f-fbd9-4428-b63b-8caf6dbb4305/replace",,"uuid:1502e74f-fbd9-4428-b63b-8caf6dbb4305",2016101819,"uuid:1502e74f-fbd9-4428-b63b-8caf6dbb4305"
"Dec 2, 2016 6:52:56 PM","Dec 2, 2016 11:47:23 AM","Dec 2, 2016 3:39:02 PM",,15,169,169,597,"uuid:01767b53-2341-42c8-8048-ed16c9d8ad2e/random_draws","14 72 118 128 88 40 28 8 97 41 25 75 67 94 61 43 27 124 117 102 130 11 142 85 47 36 122 51 161 99 70 106 100 19 53 136 141 24 155 17 65 114 151 12 95 74 38 162 2 159 32 73 44 168 131 42 87 29 164 22 145 103 26 98 69 110 64 39 34 129 78 113 13 90 123 149 152 45 59 15 1 119 23 147 21 139 126 35 92 137 50 156 89 66 153 31 96 9 58 60 68 6 132 134 163 86 76 154 84 37 109 20 30 166 148 79 62 56 158 120 125 54 108 115 18 143 107 111 5 71 157 140 4 144 112 135 121 49 146 33 46 82 57 105 10 16 91 81 52 93 101 80 77 133 63 3 48 160 165 127 83 169 7 138 116 150 55 167 104",169,"uuid:01767b53-2341-42c8-8048-ed16c9d8ad2e/show_draws","uuid:01767b53-2341-42c8-8048-ed16c9d8ad2e/replace",,"uuid:01767b53-2341-42c8-8048-ed16c9d8ad2e",2016101819,"uuid:01767b53-2341-42c8-8048-ed16c9d8ad2e"
